match_id,innings_id,team_id,participant_id,player_name,player_short_name,bat_order,bat_instance,runs_scored,balls_faced,fours_scored,sixes_scored,strike_rate,batting_minutes,dismissal_type_id,dismissal_type,dismissal_text,bowler_participant_id,fielder_participant_id,fielder_assist_participant_id
05665f84-65b6-4604-a11e-759276140c32,a4b57661-6c81-4285-ba6b-3743db36f54a,2455adf0-f6ca-4803-839d-f58c1cf154dd,7ae2d735-e3d5-4992-a281-d7f62799444f,Arun Kumar Vishwakarma,A Vishwakarma,1,1,4,9,1,0,44.44,0,2,Caught,c&b: D Sehra,6b74d336-b105-407c-b4ef-f68e2fba7862,6b74d336-b105-407c-b4ef-f68e2fba7862,
05665f84-65b6-4604-a11e-759276140c32,a4b57661-6c81-4285-ba6b-3743db36f54a,2455adf0-f6ca-4803-839d-f58c1cf154dd,c589660b-1cc8-43a4-99e5-0c850588ea47,Revanth Cheeti,R Cheeti,2,1,16,43,0,0,37.20,0,4,Bowled,b: R Suravajjula,100b60f9-15ab-4d35-9626-be4212a5d0e2,,
05665f84-65b6-4604-a11e-759276140c32,a4b57661-6c81-4285-ba6b-3743db36f54a,2455adf0-f6ca-4803-839d-f58c1cf154dd,6034fc58-72fb-4039-88af-a1f053a9f03b,Sai Achyut Jonnalagadda,S Jonnalagadda,3,1,35,56,2,2,62.50,0,2,Caught,c: A Bodele b: H Kumar,d36a9234-b2b2-44a0-9fa3-3e1527aa4b1c,6b74d336-b105-407c-b4ef-f68e2fba7862,
05665f84-65b6-4604-a11e-759276140c32,a4b57661-6c81-4285-ba6b-3743db36f54a,2455adf0-f6ca-4803-839d-f58c1cf154dd,67c01c6a-c4c5-46b1-9a79-3052b6b3c6b7,Aadil Sharma,A Sharma,4,1,11,29,1,0,37.93,0,4,Bowled,b: D Singh,b47cab94-0a21-43b5-ace2-ee06304e1880,,
05665f84-65b6-4604-a11e-759276140c32,a4b57661-6c81-4285-ba6b-3743db36f54a,2455adf0-f6ca-4803-839d-f58c1cf154dd,17ab7fff-2788-456c-a7ab-3c5f29d84f87,Moosa Quadri,M Quadri,5,1,21,33,3,0,63.63,0,2,Caught,c: J Bhan b: D Singh,b47cab94-0a21-43b5-ace2-ee06304e1880,7cccf3c2-52d5-4dfc-91c8-9664f27ac72b,
05665f84-65b6-4604-a11e-759276140c32,a4b57661-6c81-4285-ba6b-3743db36f54a,2455adf0-f6ca-4803-839d-f58c1cf154dd,723a230b-6e7d-40f7-b9b5-29faefd986fa,Pulkit Girdhar,P Girdhar,6,1,0,3,0,0,0.00,0,2,Caught,c: R Suravajjula b: H Kumar,d36a9234-b2b2-44a0-9fa3-3e1527aa4b1c,360868ba-5d2a-4f9f-9f3a-fff5756f3f85,
05665f84-65b6-4604-a11e-759276140c32,a4b57661-6c81-4285-ba6b-3743db36f54a,2455adf0-f6ca-4803-839d-f58c1cf154dd,8d1b2adf-4b86-46ee-bc46-59443bfa563d,Alvin Jacob,A Jacob,7,1,1,19,0,0,5.26,0,1,Not Out,not out,,,
05665f84-65b6-4604-a11e-759276140c32,a4b57661-6c81-4285-ba6b-3743db36f54a,2455adf0-f6ca-4803-839d-f58c1cf154dd,00000000-0000-0000-0000-000000000001,********,********,8,1,0,0,0,0,0.00,0,0,Did Not Bat,did not bat,,,
05665f84-65b6-4604-a11e-759276140c32,1a82d3c4-ffa7-4aeb-aba6-7b103a7187aa,b0d2ee4c-be8f-4a75-b138-0740a52970c6,cefd9f7d-2787-4b4c-9a13-4e1d0d434ff8,Siddhesh Jitendrabhai vadapalli,S vadapalli,1,1,43,45,6,0,95.55,0,3,LBW,lbw: M Quadri,17ab7fff-2788-456c-a7ab-3c5f29d84f87,,
05665f84-65b6-4604-a11e-759276140c32,1a82d3c4-ffa7-4aeb-aba6-7b103a7187aa,b0d2ee4c-be8f-4a75-b138-0740a52970c6,7512873c-b6b6-49fe-80ff-3733b5abd044,Mohaneesh Pitre,M Pitre,2,1,5,24,1,0,20.83,0,2,Caught,c: S Jonnalagadda b: P Girdhar,723a230b-6e7d-40f7-b9b5-29faefd986fa,6034fc58-72fb-4039-88af-a1f053a9f03b,
05665f84-65b6-4604-a11e-759276140c32,1a82d3c4-ffa7-4aeb-aba6-7b103a7187aa,b0d2ee4c-be8f-4a75-b138-0740a52970c6,f6dd9552-fbc5-4490-ac27-b50ff948f8f5,Priyanshu Tomar,P Tomar,3,1,21,23,2,1,91.30,0,2,Caught,c:  b: P Girdhar,723a230b-6e7d-40f7-b9b5-29faefd986fa,,
05665f84-65b6-4604-a11e-759276140c32,1a82d3c4-ffa7-4aeb-aba6-7b103a7187aa,b0d2ee4c-be8f-4a75-b138-0740a52970c6,360868ba-5d2a-4f9f-9f3a-fff5756f3f85,Shandil Bhan,S Bhan,4,1,0,3,0,0,0.00,0,4,Bowled,b: M Quadri,17ab7fff-2788-456c-a7ab-3c5f29d84f87,,
05665f84-65b6-4604-a11e-759276140c32,1a82d3c4-ffa7-4aeb-aba6-7b103a7187aa,b0d2ee4c-be8f-4a75-b138-0740a52970c6,b47cab94-0a21-43b5-ace2-ee06304e1880,Danny Singh,D Singh,5,1,10,13,1,0,76.92,0,1,Not Out,not out,,,
05665f84-65b6-4604-a11e-759276140c32,1a82d3c4-ffa7-4aeb-aba6-7b103a7187aa,b0d2ee4c-be8f-4a75-b138-0740a52970c6,f4eec6b0-c7ff-4771-b4f1-8ea5865e1186,Akshat Bodele,A Bodele,6,1,1,3,0,0,33.33,0,4,Bowled,b: R Cheeti,c589660b-1cc8-43a4-99e5-0c850588ea47,,
05665f84-65b6-4604-a11e-759276140c32,1a82d3c4-ffa7-4aeb-aba6-7b103a7187aa,b0d2ee4c-be8f-4a75-b138-0740a52970c6,7cccf3c2-52d5-4dfc-91c8-9664f27ac72b,Jai Bhan,J Bhan,7,1,7,9,1,0,77.77,0,4,Bowled,b: R Cheeti,c589660b-1cc8-43a4-99e5-0c850588ea47,,
05665f84-65b6-4604-a11e-759276140c32,1a82d3c4-ffa7-4aeb-aba6-7b103a7187aa,b0d2ee4c-be8f-4a75-b138-0740a52970c6,6b74d336-b105-407c-b4ef-f68e2fba7862,Damandeep Sehra,D Sehra,8,1,0,2,0,0,0.00,0,1,Not Out,not out,,,
05665f84-65b6-4604-a11e-759276140c32,1a82d3c4-ffa7-4aeb-aba6-7b103a7187aa,b0d2ee4c-be8f-4a75-b138-0740a52970c6,400e4752-f236-4ca7-93e9-fd8ebee6735e,Siddhanth Chaurasiya,S Chaurasiya,9,1,0,0,0,0,0.00,0,0,Did Not Bat,did not bat,,,
05665f84-65b6-4604-a11e-759276140c32,1a82d3c4-ffa7-4aeb-aba6-7b103a7187aa,b0d2ee4c-be8f-4a75-b138-0740a52970c6,d36a9234-b2b2-44a0-9fa3-3e1527aa4b1c,Harish Kumar,H Kumar,10,1,0,0,0,0,0.00,0,0,Did Not Bat,did not bat,,,
05665f84-65b6-4604-a11e-759276140c32,1a82d3c4-ffa7-4aeb-aba6-7b103a7187aa,b0d2ee4c-be8f-4a75-b138-0740a52970c6,100b60f9-15ab-4d35-9626-be4212a5d0e2,Rama Suravajjula,R Suravajjula,11,1,0,0,0,0,0.00,0,0,Did Not Bat,did not bat,,,
2c40c9b2-40eb-4b37-becf-5c817751a1d6,3ddafb8e-d933-47e2-87f3-eaacf66ef6db,f121f9ce-13ef-4518-b214-4b2066595145,3749d7ce-99cc-451f-adc6-e25e53988a21,Digvijay Digvijay,D Digvijay,1,1,21,14,4,0,150.00,0,2,Caught,c:  b: K Bhan,cefd9f7d-2787-4b4c-9a13-4e1d0d434ff8,,
2c40c9b2-40eb-4b37-becf-5c817751a1d6,3ddafb8e-d933-47e2-87f3-eaacf66ef6db,f121f9ce-13ef-4518-b214-4b2066595145,0069e210-49dc-40e4-b16a-26fbe0e7b120,Karthik Singh,K Singh,2,1,40,25,7,1,160.00,0,2,Caught,c:  b: S Bhan,360868ba-5d2a-4f9f-9f3a-fff5756f3f85,,
2c40c9b2-40eb-4b37-becf-5c817751a1d6,3ddafb8e-d933-47e2-87f3-eaacf66ef6db,f121f9ce-13ef-4518-b214-4b2066595145,b84e5b9f-9d0e-4fdd-aa8d-e2f3240d0b8b,Yash Balyan,Y Balyan,3,1,11,17,1,0,64.70,0,3,LBW,lbw: K Bhan,cefd9f7d-2787-4b4c-9a13-4e1d0d434ff8,,
2c40c9b2-40eb-4b37-becf-5c817751a1d6,3ddafb8e-d933-47e2-87f3-eaacf66ef6db,f121f9ce-13ef-4518-b214-4b2066595145,ba876405-c06e-4227-af2d-35de738af252,Farhaj Faheem,F Faheem,4,1,0,5,0,0,0.00,0,6,Run Out,run out (),cefd9f7d-2787-4b4c-9a13-4e1d0d434ff8,,
2c40c9b2-40eb-4b37-becf-5c817751a1d6,3ddafb8e-d933-47e2-87f3-eaacf66ef6db,f121f9ce-13ef-4518-b214-4b2066595145,cb2611b4-5154-4722-9424-87dbc368afe3,Rayanjot Singh,R Singh,5,1,10,15,0,1,66.66,0,6,Run Out,run out (),284746be-31ae-4e0e-82f8-d234412e08c4,,
2c40c9b2-40eb-4b37-becf-5c817751a1d6,3ddafb8e-d933-47e2-87f3-eaacf66ef6db,f121f9ce-13ef-4518-b214-4b2066595145,7f4ee4c0-a042-4bce-a7b2-e076b409bb76,Karanbir Singh,K Singh,6,1,11,18,2,0,61.11,0,6,Run Out,run out (),284746be-31ae-4e0e-82f8-d234412e08c4,,
2c40c9b2-40eb-4b37-becf-5c817751a1d6,3ddafb8e-d933-47e2-87f3-eaacf66ef6db,f121f9ce-13ef-4518-b214-4b2066595145,3246f837-b17e-4e5b-a876-3fce120e9c69,Angad Singh,A Singh,7,1,40,49,3,0,81.63,0,2,Caught,c: S Chaurasiya b: K Bhan,284746be-31ae-4e0e-82f8-d234412e08c4,400e4752-f236-4ca7-93e9-fd8ebee6735e,
2c40c9b2-40eb-4b37-becf-5c817751a1d6,3ddafb8e-d933-47e2-87f3-eaacf66ef6db,f121f9ce-13ef-4518-b214-4b2066595145,06b9a8f8-7454-4175-93f4-226985e8b20e,Aaronjit Singh Multani,A Multani,8,1,5,16,0,0,31.25,0,6,Run Out,run out (),cefd9f7d-2787-4b4c-9a13-4e1d0d434ff8,,
2c40c9b2-40eb-4b37-becf-5c817751a1d6,3ddafb8e-d933-47e2-87f3-eaacf66ef6db,f121f9ce-13ef-4518-b214-4b2066595145,6b6a02e6-17c8-4251-8a40-b6a149750ed1,Anup John,A John,9,1,37,39,3,1,94.87,0,1,Not Out,not out,,,
2c40c9b2-40eb-4b37-becf-5c817751a1d6,3ddafb8e-d933-47e2-87f3-eaacf66ef6db,f121f9ce-13ef-4518-b214-4b2066595145,d06f79f2-6c0b-4e69-bfae-d3a101d99191,Vikramjit Multani,V Multani,10,1,33,15,1,3,220.00,0,1,Not Out,not out,,,
2c40c9b2-40eb-4b37-becf-5c817751a1d6,3ddafb8e-d933-47e2-87f3-eaacf66ef6db,f121f9ce-13ef-4518-b214-4b2066595145,4a8fb11d-1257-4bb1-8ec3-4c30ea705914,Balvinder Singh,B Singh,11,1,0,0,0,0,0.00,0,0,Did Not Bat,did not bat,,,
2c40c9b2-40eb-4b37-becf-5c817751a1d6,3ddafb8e-d933-47e2-87f3-eaacf66ef6db,f121f9ce-13ef-4518-b214-4b2066595145,872cc62c-558e-4032-9876-38d1b31c773f,Gurdeep Singh,G Singh,12,1,0,0,0,0,0.00,0,0,Did Not Bat,did not bat,,,
2c40c9b2-40eb-4b37-becf-5c817751a1d6,1d8a7aee-77d7-422d-8a73-4897780b5d8f,b0d2ee4c-be8f-4a75-b138-0740a52970c6,cefd9f7d-2787-4b4c-9a13-4e1d0d434ff8,Siddhesh Jitendrabhai vadapalli,S vadapalli,1,1,50,67,4,1,74.62,0,14,Retired Not Out,retired not out,,,
2c40c9b2-40eb-4b37-becf-5c817751a1d6,1d8a7aee-77d7-422d-8a73-4897780b5d8f,b0d2ee4c-be8f-4a75-b138-0740a52970c6,f6dd9552-fbc5-4490-ac27-b50ff948f8f5,Priyanshu Tomar,P Tomar,2,1,38,56,0,0,67.85,0,2,Caught,c: A Singh b: Y Balyan,b84e5b9f-9d0e-4fdd-aa8d-e2f3240d0b8b,3246f837-b17e-4e5b-a876-3fce120e9c69,
2c40c9b2-40eb-4b37-becf-5c817751a1d6,1d8a7aee-77d7-422d-8a73-4897780b5d8f,b0d2ee4c-be8f-4a75-b138-0740a52970c6,7cccf3c2-52d5-4dfc-91c8-9664f27ac72b,Jai Bhan,J Bhan,3,1,36,26,3,0,138.46,0,4,Bowled,b: Y Balyan,b84e5b9f-9d0e-4fdd-aa8d-e2f3240d0b8b,,
2c40c9b2-40eb-4b37-becf-5c817751a1d6,1d8a7aee-77d7-422d-8a73-4897780b5d8f,b0d2ee4c-be8f-4a75-b138-0740a52970c6,284746be-31ae-4e0e-82f8-d234412e08c4,Kieran Bhan,K Bhan,4,1,8,10,1,0,80.00,0,2,Caught,c: Y Balyan b: R Singh,cb2611b4-5154-4722-9424-87dbc368afe3,b84e5b9f-9d0e-4fdd-aa8d-e2f3240d0b8b,
2c40c9b2-40eb-4b37-becf-5c817751a1d6,1d8a7aee-77d7-422d-8a73-4897780b5d8f,b0d2ee4c-be8f-4a75-b138-0740a52970c6,8cc72ac1-93ab-43ad-a24f-fdcbf14da6a2,Kiran Tomy,K Tomy,5,1,5,10,0,0,50.00,0,6,Run Out,run out (A Multani),cb2611b4-5154-4722-9424-87dbc368afe3,ba876405-c06e-4227-af2d-35de738af252,
2c40c9b2-40eb-4b37-becf-5c817751a1d6,1d8a7aee-77d7-422d-8a73-4897780b5d8f,b0d2ee4c-be8f-4a75-b138-0740a52970c6,7512873c-b6b6-49fe-80ff-3733b5abd044,Mohaneesh Pitre,M Pitre,6,1,6,5,0,0,120.00,0,6,Run Out,"run out (A John, B Singh)",6b6a02e6-17c8-4251-8a40-b6a149750ed1,6b6a02e6-17c8-4251-8a40-b6a149750ed1,
2c40c9b2-40eb-4b37-becf-5c817751a1d6,1d8a7aee-77d7-422d-8a73-4897780b5d8f,b0d2ee4c-be8f-4a75-b138-0740a52970c6,360868ba-5d2a-4f9f-9f3a-fff5756f3f85,Shandil Bhan,S Bhan,7,1,0,1,0,0,0.00,0,2,Caught,c: V Multani b: R Singh,6b6a02e6-17c8-4251-8a40-b6a149750ed1,b84e5b9f-9d0e-4fdd-aa8d-e2f3240d0b8b,
2c40c9b2-40eb-4b37-becf-5c817751a1d6,1d8a7aee-77d7-422d-8a73-4897780b5d8f,b0d2ee4c-be8f-4a75-b138-0740a52970c6,c3a31191-6c5e-438e-9288-354845031832,Abcin Thomas,A Thomas,8,1,1,5,0,0,20.00,0,6,Run Out,run out (Y Balyan),6b6a02e6-17c8-4251-8a40-b6a149750ed1,b84e5b9f-9d0e-4fdd-aa8d-e2f3240d0b8b,
2c40c9b2-40eb-4b37-becf-5c817751a1d6,1d8a7aee-77d7-422d-8a73-4897780b5d8f,b0d2ee4c-be8f-4a75-b138-0740a52970c6,7cffb99e-40e6-4c91-846f-2e5b755ecd0a,Mayur Mohan,M Mohan,9,1,0,3,0,0,0.00,0,6,Run Out,run out (V Multani),6b6a02e6-17c8-4251-8a40-b6a149750ed1,ba876405-c06e-4227-af2d-35de738af252,
2c40c9b2-40eb-4b37-becf-5c817751a1d6,1d8a7aee-77d7-422d-8a73-4897780b5d8f,b0d2ee4c-be8f-4a75-b138-0740a52970c6,400e4752-f236-4ca7-93e9-fd8ebee6735e,Siddhanth Chaurasiya,S Chaurasiya,10,1,18,17,1,0,105.88,0,1,Not Out,not out,,,
2c40c9b2-40eb-4b37-becf-5c817751a1d6,1d8a7aee-77d7-422d-8a73-4897780b5d8f,b0d2ee4c-be8f-4a75-b138-0740a52970c6,1213eb90-9ab2-42db-b52a-865b0dfa7ea3,Ashish Sharma,A Sharma,11,1,17,11,2,1,154.54,0,1,Not Out,not out,,,
2c40c9b2-40eb-4b37-becf-5c817751a1d6,1d8a7aee-77d7-422d-8a73-4897780b5d8f,b0d2ee4c-be8f-4a75-b138-0740a52970c6,6b74d336-b105-407c-b4ef-f68e2fba7862,Damandeep Sehra,D Sehra,12,1,0,0,0,0,0.00,0,0,Did Not Bat,did not bat,,,
4db01962-99f7-4b10-a382-6f8f3623144b,48a93c0e-26d3-4306-8718-1def7b60b80c,b0d2ee4c-be8f-4a75-b138-0740a52970c6,284746be-31ae-4e0e-82f8-d234412e08c4,Kieran Bhan,K Bhan,1,1,15,17,1,0,88.23,0,2,Caught,c:  b: M Ahmed,04e7a985-6b15-448d-95bd-66323490e8aa,,
4db01962-99f7-4b10-a382-6f8f3623144b,48a93c0e-26d3-4306-8718-1def7b60b80c,b0d2ee4c-be8f-4a75-b138-0740a52970c6,f6dd9552-fbc5-4490-ac27-b50ff948f8f5,Priyanshu Tomar,P Tomar,2,1,10,24,2,0,41.66,0,6,Run Out,run out (M Ahmed),3ae810c1-61a1-4770-8e81-9833107949fb,04e7a985-6b15-448d-95bd-66323490e8aa,
4db01962-99f7-4b10-a382-6f8f3623144b,48a93c0e-26d3-4306-8718-1def7b60b80c,b0d2ee4c-be8f-4a75-b138-0740a52970c6,7cccf3c2-52d5-4dfc-91c8-9664f27ac72b,Jai Bhan,J Bhan,3,1,52,44,9,1,118.18,0,14,Retired Not Out,retired not out,,,
4db01962-99f7-4b10-a382-6f8f3623144b,48a93c0e-26d3-4306-8718-1def7b60b80c,b0d2ee4c-be8f-4a75-b138-0740a52970c6,f4eec6b0-c7ff-4771-b4f1-8ea5865e1186,Akshat Bodele,A Bodele,4,1,37,36,3,0,102.77,0,3,LBW,lbw: M Kapasi,3ae810c1-61a1-4770-8e81-9833107949fb,,
4db01962-99f7-4b10-a382-6f8f3623144b,48a93c0e-26d3-4306-8718-1def7b60b80c,b0d2ee4c-be8f-4a75-b138-0740a52970c6,d1ed36b2-499d-4b65-95a3-6f3f51177415,Armaan Datta,A Datta,5,1,21,19,1,1,110.52,0,4,Bowled,b: M Lakhani,220ccb3e-50ea-4766-9ce0-5629c72a50dc,,
4db01962-99f7-4b10-a382-6f8f3623144b,48a93c0e-26d3-4306-8718-1def7b60b80c,b0d2ee4c-be8f-4a75-b138-0740a52970c6,c3a31191-6c5e-438e-9288-354845031832,Abcin Thomas,A Thomas,6,1,15,25,1,0,60.00,0,2,Caught,c: M Faiyaz b: M Ahmed,04e7a985-6b15-448d-95bd-66323490e8aa,e79d97cc-d0c4-4db1-9eeb-685329698149,
4db01962-99f7-4b10-a382-6f8f3623144b,48a93c0e-26d3-4306-8718-1def7b60b80c,b0d2ee4c-be8f-4a75-b138-0740a52970c6,100b60f9-15ab-4d35-9626-be4212a5d0e2,Rama Suravajjula,R Suravajjula,7,1,15,24,0,0,62.50,0,4,Bowled,b: A Altaf,4a8827f1-21b8-4244-951e-396d3219bfc4,,
4db01962-99f7-4b10-a382-6f8f3623144b,48a93c0e-26d3-4306-8718-1def7b60b80c,b0d2ee4c-be8f-4a75-b138-0740a52970c6,360868ba-5d2a-4f9f-9f3a-fff5756f3f85,Shandil Bhan,S Bhan,8,1,1,6,0,0,16.66,0,2,Caught,c:  b: M Ahmed,04e7a985-6b15-448d-95bd-66323490e8aa,,
4db01962-99f7-4b10-a382-6f8f3623144b,48a93c0e-26d3-4306-8718-1def7b60b80c,b0d2ee4c-be8f-4a75-b138-0740a52970c6,d36a9234-b2b2-44a0-9fa3-3e1527aa4b1c,Harish Kumar,H Kumar,9,1,7,6,1,0,116.66,0,5,Stumped,st: R Malik b: A Altaf,4a8827f1-21b8-4244-951e-396d3219bfc4,d646e128-a3e8-456a-bc6e-5b0d02f77999,
4db01962-99f7-4b10-a382-6f8f3623144b,48a93c0e-26d3-4306-8718-1def7b60b80c,b0d2ee4c-be8f-4a75-b138-0740a52970c6,7512873c-b6b6-49fe-80ff-3733b5abd044,Mohaneesh Pitre,M Pitre,10,1,7,6,0,0,116.66,0,1,Not Out,not out,,,
4db01962-99f7-4b10-a382-6f8f3623144b,48a93c0e-26d3-4306-8718-1def7b60b80c,b0d2ee4c-be8f-4a75-b138-0740a52970c6,6b74d336-b105-407c-b4ef-f68e2fba7862,Damandeep Sehra,D Sehra,11,1,4,5,0,0,80.00,0,1,Not Out,not out,,,
4db01962-99f7-4b10-a382-6f8f3623144b,2964b5eb-7871-479c-89fb-1d707f4b0eb5,1977fa7e-f689-4fee-b28e-a9aa92a3a15c,39cd185c-a573-4e69-9edc-4703ab63b65e,Sharjeel Zaheer,S Zaheer,1,1,30,27,3,1,111.11,0,2,Caught,c: J Bhan b: M Pitre,7512873c-b6b6-49fe-80ff-3733b5abd044,7cccf3c2-52d5-4dfc-91c8-9664f27ac72b,
4db01962-99f7-4b10-a382-6f8f3623144b,2964b5eb-7871-479c-89fb-1d707f4b0eb5,1977fa7e-f689-4fee-b28e-a9aa92a3a15c,d646e128-a3e8-456a-bc6e-5b0d02f77999,Rizwan Malik,R Malik,2,1,14,22,2,0,63.63,0,2,Caught,c: S Bhan b: M Pitre,7512873c-b6b6-49fe-80ff-3733b5abd044,,
4db01962-99f7-4b10-a382-6f8f3623144b,2964b5eb-7871-479c-89fb-1d707f4b0eb5,1977fa7e-f689-4fee-b28e-a9aa92a3a15c,1db26eb5-6954-4893-bf2c-5ce25d1feac5,Salman Raza,S Raza,3,1,21,26,1,0,80.76,0,2,Caught,c: S Bhan b: M Pitre,7512873c-b6b6-49fe-80ff-3733b5abd044,,
4db01962-99f7-4b10-a382-6f8f3623144b,2964b5eb-7871-479c-89fb-1d707f4b0eb5,1977fa7e-f689-4fee-b28e-a9aa92a3a15c,583b34d2-9ad6-43d2-b3f3-f29e77240538,Ali Rizvi,A Rizvi,4,1,0,6,0,0,0.00,0,4,Bowled,b: H Kumar,d36a9234-b2b2-44a0-9fa3-3e1527aa4b1c,,
4db01962-99f7-4b10-a382-6f8f3623144b,2964b5eb-7871-479c-89fb-1d707f4b0eb5,1977fa7e-f689-4fee-b28e-a9aa92a3a15c,53691dfa-c68f-4254-a548-e19277168a71,Shaheer Kamdar,S Kamdar,5,1,33,35,2,0,94.28,0,2,Caught,c: S Bhan b: R Suravajjula,100b60f9-15ab-4d35-9626-be4212a5d0e2,,
4db01962-99f7-4b10-a382-6f8f3623144b,2964b5eb-7871-479c-89fb-1d707f4b0eb5,1977fa7e-f689-4fee-b28e-a9aa92a3a15c,220ccb3e-50ea-4766-9ce0-5629c72a50dc,Muhammad Saad Lakhani,M Lakhani,6,1,1,5,0,0,20.00,0,3,LBW,lbw: D Sehra,6b74d336-b105-407c-b4ef-f68e2fba7862,,
4db01962-99f7-4b10-a382-6f8f3623144b,2964b5eb-7871-479c-89fb-1d707f4b0eb5,1977fa7e-f689-4fee-b28e-a9aa92a3a15c,4a8827f1-21b8-4244-951e-396d3219bfc4,Ali Altaf,A Altaf,7,1,5,8,0,0,62.50,0,2,Caught,c: A Bodele b: A Datta,d1ed36b2-499d-4b65-95a3-6f3f51177415,,
4db01962-99f7-4b10-a382-6f8f3623144b,2964b5eb-7871-479c-89fb-1d707f4b0eb5,1977fa7e-f689-4fee-b28e-a9aa92a3a15c,04e7a985-6b15-448d-95bd-66323490e8aa,Moiz Ahmed,M Ahmed,8,1,7,10,0,0,70.00,0,2,Caught,c: M Pitre b: R Suravajjula,100b60f9-15ab-4d35-9626-be4212a5d0e2,,
4db01962-99f7-4b10-a382-6f8f3623144b,2964b5eb-7871-479c-89fb-1d707f4b0eb5,1977fa7e-f689-4fee-b28e-a9aa92a3a15c,3ae810c1-61a1-4770-8e81-9833107949fb,Muhammad Kapasi,M Kapasi,9,1,4,9,0,0,44.44,0,2,Caught,c: A Datta b: R Suravajjula,100b60f9-15ab-4d35-9626-be4212a5d0e2,,
4db01962-99f7-4b10-a382-6f8f3623144b,2964b5eb-7871-479c-89fb-1d707f4b0eb5,1977fa7e-f689-4fee-b28e-a9aa92a3a15c,54e92298-41e3-4385-8677-0f497d7e0821,Hussain Ali Nasser,H Nasser,10,1,2,8,0,0,25.00,0,3,LBW,lbw: K Bhan,284746be-31ae-4e0e-82f8-d234412e08c4,,
4db01962-99f7-4b10-a382-6f8f3623144b,2964b5eb-7871-479c-89fb-1d707f4b0eb5,1977fa7e-f689-4fee-b28e-a9aa92a3a15c,e79d97cc-d0c4-4db1-9eeb-685329698149,Mehdi Faiyaz,M Faiyaz,11,1,1,2,0,0,50.00,0,1,Not Out,not out,,,
4db01962-99f7-4b10-a382-6f8f3623144b,2964b5eb-7871-479c-89fb-1d707f4b0eb5,1977fa7e-f689-4fee-b28e-a9aa92a3a15c,49c57cdd-0718-4c44-a2cf-b4e8b8dd53ca,Mudabir Ali,M Ali,12,1,0,0,0,0,0.00,0,0,Did Not Bat,did not bat,,,
4e5fbe6d-325e-4a21-9982-f080f8605615,d51bc980-b18b-4ef9-9be4-0546a6b24c4b,b0d2ee4c-be8f-4a75-b138-0740a52970c6,cefd9f7d-2787-4b4c-9a13-4e1d0d434ff8,Siddhesh Jitendrabhai vadapalli,S vadapalli,1,1,0,3,0,0,0.00,0,2,Caught,c:  b: ********,457d2d89-be0b-4913-8a29-14ea368264c1,,
4e5fbe6d-325e-4a21-9982-f080f8605615,d51bc980-b18b-4ef9-9be4-0546a6b24c4b,b0d2ee4c-be8f-4a75-b138-0740a52970c6,f6dd9552-fbc5-4490-ac27-b50ff948f8f5,Priyanshu Tomar,P Tomar,2,1,17,30,3,0,56.66,0,4,Bowled,b: A Sodhi,5d82f74d-0967-4b8a-821f-d358b52dd53a,,
4e5fbe6d-325e-4a21-9982-f080f8605615,d51bc980-b18b-4ef9-9be4-0546a6b24c4b,b0d2ee4c-be8f-4a75-b138-0740a52970c6,f4eec6b0-c7ff-4771-b4f1-8ea5865e1186,Akshat Bodele,A Bodele,3,1,31,40,3,0,77.50,0,3,LBW,lbw: M DEVGAN,a1601e10-d3aa-43e0-af12-9682993e6144,,
4e5fbe6d-325e-4a21-9982-f080f8605615,d51bc980-b18b-4ef9-9be4-0546a6b24c4b,b0d2ee4c-be8f-4a75-b138-0740a52970c6,d1ed36b2-499d-4b65-95a3-6f3f51177415,Armaan Datta,A Datta,4,1,65,45,6,3,144.44,0,1,Not Out,not out,,,
4e5fbe6d-325e-4a21-9982-f080f8605615,d51bc980-b18b-4ef9-9be4-0546a6b24c4b,b0d2ee4c-be8f-4a75-b138-0740a52970c6,100b60f9-15ab-4d35-9626-be4212a5d0e2,Rama Suravajjula,R Suravajjula,5,1,32,33,2,1,96.96,0,6,Run Out,run out (),f81c7258-4477-46f5-b288-27551ed48ae2,,
4e5fbe6d-325e-4a21-9982-f080f8605615,d51bc980-b18b-4ef9-9be4-0546a6b24c4b,b0d2ee4c-be8f-4a75-b138-0740a52970c6,c3a31191-6c5e-438e-9288-354845031832,Abcin Thomas,A Thomas,6,1,8,8,1,0,100.00,0,4,Bowled,b: M DEVGAN,a1601e10-d3aa-43e0-af12-9682993e6144,,
4e5fbe6d-325e-4a21-9982-f080f8605615,d51bc980-b18b-4ef9-9be4-0546a6b24c4b,b0d2ee4c-be8f-4a75-b138-0740a52970c6,fa1b6803-3b25-4211-b5aa-d1ea9168d018,Aryan Datta,A Datta,7,1,6,9,1,0,66.66,0,3,LBW,lbw: j Singh,f81c7258-4477-46f5-b288-27551ed48ae2,,
4e5fbe6d-325e-4a21-9982-f080f8605615,d51bc980-b18b-4ef9-9be4-0546a6b24c4b,b0d2ee4c-be8f-4a75-b138-0740a52970c6,7512873c-b6b6-49fe-80ff-3733b5abd044,Mohaneesh Pitre,M Pitre,8,1,10,28,0,0,35.71,0,4,Bowled,b: A Sodhi,5d82f74d-0967-4b8a-821f-d358b52dd53a,,
4e5fbe6d-325e-4a21-9982-f080f8605615,d51bc980-b18b-4ef9-9be4-0546a6b24c4b,b0d2ee4c-be8f-4a75-b138-0740a52970c6,1213eb90-9ab2-42db-b52a-865b0dfa7ea3,Ashish Sharma,A Sharma,9,1,2,5,0,0,40.00,0,4,Bowled,b: j Singh,f81c7258-4477-46f5-b288-27551ed48ae2,,
4e5fbe6d-325e-4a21-9982-f080f8605615,d51bc980-b18b-4ef9-9be4-0546a6b24c4b,b0d2ee4c-be8f-4a75-b138-0740a52970c6,6b74d336-b105-407c-b4ef-f68e2fba7862,Damandeep Sehra,D Sehra,10,1,7,10,0,0,70.00,0,1,Not Out,not out,,,
4e5fbe6d-325e-4a21-9982-f080f8605615,d51bc980-b18b-4ef9-9be4-0546a6b24c4b,b0d2ee4c-be8f-4a75-b138-0740a52970c6,400e4752-f236-4ca7-93e9-fd8ebee6735e,Siddhanth Chaurasiya,S Chaurasiya,11,1,0,0,0,0,0.00,0,0,Did Not Bat,did not bat,,,
4e5fbe6d-325e-4a21-9982-f080f8605615,d51bc980-b18b-4ef9-9be4-0546a6b24c4b,b0d2ee4c-be8f-4a75-b138-0740a52970c6,7cffb99e-40e6-4c91-846f-2e5b755ecd0a,Mayur Mohan,M Mohan,12,1,0,0,0,0,0.00,0,0,Did Not Bat,did not bat,,,
4e5fbe6d-325e-4a21-9982-f080f8605615,4210509d-61eb-4b04-ab9f-88e9f8c7713a,8b65ef27-5bb8-46ca-8193-be128c5af1b0,e71607f0-9b41-48c5-9042-e4b59b619dc2,Sundar Baskar,S Baskar,1,1,4,3,1,0,133.33,0,2,Caught,c: A Datta b: M Pitre,7512873c-b6b6-49fe-80ff-3733b5abd044,fa1b6803-3b25-4211-b5aa-d1ea9168d018,
4e5fbe6d-325e-4a21-9982-f080f8605615,4210509d-61eb-4b04-ab9f-88e9f8c7713a,8b65ef27-5bb8-46ca-8193-be128c5af1b0,ce7e27e0-f077-41f5-9a14-4978a3c7a938,Abhinav Bhatia,A Bhatia,2,1,2,5,0,0,40.00,0,2,Caught,c: A Datta b: M Mohan,7cffb99e-40e6-4c91-846f-2e5b755ecd0a,d1ed36b2-499d-4b65-95a3-6f3f51177415,
4e5fbe6d-325e-4a21-9982-f080f8605615,4210509d-61eb-4b04-ab9f-88e9f8c7713a,8b65ef27-5bb8-46ca-8193-be128c5af1b0,5d82f74d-0967-4b8a-821f-d358b52dd53a,Amrinder Sodhi,A Sodhi,3,1,2,6,0,0,33.33,0,4,Bowled,b: M Pitre,7512873c-b6b6-49fe-80ff-3733b5abd044,,
4e5fbe6d-325e-4a21-9982-f080f8605615,4210509d-61eb-4b04-ab9f-88e9f8c7713a,8b65ef27-5bb8-46ca-8193-be128c5af1b0,ed4e5575-2e17-4b73-a67d-84cd7bf862a2,Abdul Aziz,A Aziz,4,1,16,20,3,0,80.00,0,2,Caught,c: A Datta b: M Mohan,7cffb99e-40e6-4c91-846f-2e5b755ecd0a,d1ed36b2-499d-4b65-95a3-6f3f51177415,
4e5fbe6d-325e-4a21-9982-f080f8605615,4210509d-61eb-4b04-ab9f-88e9f8c7713a,8b65ef27-5bb8-46ca-8193-be128c5af1b0,a1601e10-d3aa-43e0-af12-9682993e6144,Mannu DEVGAN,M DEVGAN,5,1,7,7,1,0,100.00,0,4,Bowled,b: M Pitre,7512873c-b6b6-49fe-80ff-3733b5abd044,,
4e5fbe6d-325e-4a21-9982-f080f8605615,4210509d-61eb-4b04-ab9f-88e9f8c7713a,8b65ef27-5bb8-46ca-8193-be128c5af1b0,d1847034-4ddf-4532-b055-e1b07467f50b,Atharva Parab,A Parab,6,1,15,21,1,1,71.42,0,2,Caught,c:  b: M Pitre,7512873c-b6b6-49fe-80ff-3733b5abd044,,
4e5fbe6d-325e-4a21-9982-f080f8605615,4210509d-61eb-4b04-ab9f-88e9f8c7713a,8b65ef27-5bb8-46ca-8193-be128c5af1b0,457d2d89-be0b-4913-8a29-14ea368264c1,********,********,7,1,5,15,0,0,33.33,0,2,Caught,c: S vadapalli b: S Chaurasiya,400e4752-f236-4ca7-93e9-fd8ebee6735e,cefd9f7d-2787-4b4c-9a13-4e1d0d434ff8,
4e5fbe6d-325e-4a21-9982-f080f8605615,4210509d-61eb-4b04-ab9f-88e9f8c7713a,8b65ef27-5bb8-46ca-8193-be128c5af1b0,82a1eaaa-aa0b-4fad-8527-49e84d257a9c,Rajesh Kumar Chopra,R Chopra,8,1,0,5,0,0,0.00,0,4,Bowled,b: M Mohan,7cffb99e-40e6-4c91-846f-2e5b755ecd0a,,
4e5fbe6d-325e-4a21-9982-f080f8605615,4210509d-61eb-4b04-ab9f-88e9f8c7713a,8b65ef27-5bb8-46ca-8193-be128c5af1b0,e447e3d1-44d6-4530-b960-6d257ab72cdd,Mike Patel,M Patel,9,1,45,51,3,2,88.23,0,2,Caught,c: A Datta b: A Datta,d1ed36b2-499d-4b65-95a3-6f3f51177415,fa1b6803-3b25-4211-b5aa-d1ea9168d018,
4e5fbe6d-325e-4a21-9982-f080f8605615,4210509d-61eb-4b04-ab9f-88e9f8c7713a,8b65ef27-5bb8-46ca-8193-be128c5af1b0,e4f15cc3-86b1-4450-843c-23776a4218f3,Karan Sharma,K Sharma,10,1,10,26,0,0,38.46,0,2,Caught,c: P Tomar b: S Chaurasiya,400e4752-f236-4ca7-93e9-fd8ebee6735e,f6dd9552-fbc5-4490-ac27-b50ff948f8f5,
4e5fbe6d-325e-4a21-9982-f080f8605615,4210509d-61eb-4b04-ab9f-88e9f8c7713a,8b65ef27-5bb8-46ca-8193-be128c5af1b0,8e5a415f-611f-4cfe-9344-a2fe4edcdc1c,Bharat Thakral,B Thakral,11,1,0,2,0,0,0.00,0,1,Not Out,not out,,,
4e5fbe6d-325e-4a21-9982-f080f8605615,4210509d-61eb-4b04-ab9f-88e9f8c7713a,8b65ef27-5bb8-46ca-8193-be128c5af1b0,f81c7258-4477-46f5-b288-27551ed48ae2,jagmeet Singh,j Singh,12,1,0,0,0,0,0.00,0,0,Did Not Bat,did not bat,,,
5ee79fc1-2d4e-41d8-964b-e0c0fa6e412c,6835479c-f9e6-4975-aded-a3ee099f5f96,64ca7387-df24-4f3b-8090-7bcb2359d4e2,e0d334a3-c3f9-4dbe-849e-6da5f6cbd9fb,Happy Walia,H Walia,1,1,43,30,3,3,143.33,0,6,Run Out,"run out (M Pitre, J Bhan)",c3a31191-6c5e-438e-9288-354845031832,d36a9234-b2b2-44a0-9fa3-3e1527aa4b1c,400e4752-f236-4ca7-93e9-fd8ebee6735e
5ee79fc1-2d4e-41d8-964b-e0c0fa6e412c,6835479c-f9e6-4975-aded-a3ee099f5f96,64ca7387-df24-4f3b-8090-7bcb2359d4e2,aefa485a-983d-43f2-bb33-0e7dafa5686b,Jasprit Jaspal,J Jaspal,2,1,26,33,1,1,78.78,0,4,Bowled,b: A Thomas,c3a31191-6c5e-438e-9288-354845031832,,
5ee79fc1-2d4e-41d8-964b-e0c0fa6e412c,6835479c-f9e6-4975-aded-a3ee099f5f96,64ca7387-df24-4f3b-8090-7bcb2359d4e2,80c4e492-e8c9-44f2-8f80-af54f2d668f1,Punit Singh,P Singh,3,1,15,18,1,0,83.33,0,4,Bowled,b: M Mohan,7cffb99e-40e6-4c91-846f-2e5b755ecd0a,,
5ee79fc1-2d4e-41d8-964b-e0c0fa6e412c,6835479c-f9e6-4975-aded-a3ee099f5f96,64ca7387-df24-4f3b-8090-7bcb2359d4e2,107ba782-a6cb-4114-b26f-0244958d35b9,********,********,4,1,23,30,2,0,76.66,0,4,Bowled,b: S Chaurasiya,400e4752-f236-4ca7-93e9-fd8ebee6735e,,
5ee79fc1-2d4e-41d8-964b-e0c0fa6e412c,6835479c-f9e6-4975-aded-a3ee099f5f96,64ca7387-df24-4f3b-8090-7bcb2359d4e2,b569b961-2cee-4fd4-aee3-bedc0127a9dc,kaushik das mahapatra,k das mahapatra,5,1,7,16,1,0,43.75,0,3,LBW,lbw: S Chaurasiya,400e4752-f236-4ca7-93e9-fd8ebee6735e,,
5ee79fc1-2d4e-41d8-964b-e0c0fa6e412c,6835479c-f9e6-4975-aded-a3ee099f5f96,64ca7387-df24-4f3b-8090-7bcb2359d4e2,2820c73b-3830-465c-b98c-e0d02e17ce01,Gurpal Singh,G Singh,6,1,9,17,0,0,52.94,0,3,LBW,lbw: S Chaurasiya,400e4752-f236-4ca7-93e9-fd8ebee6735e,,
5ee79fc1-2d4e-41d8-964b-e0c0fa6e412c,6835479c-f9e6-4975-aded-a3ee099f5f96,64ca7387-df24-4f3b-8090-7bcb2359d4e2,5c5af360-3004-434f-85e6-1b4aa0ef1204,Charanjiv Singh,C Singh,7,1,41,29,5,1,141.37,0,2,Caught,c: P Tomar b: S Chaurasiya,400e4752-f236-4ca7-93e9-fd8ebee6735e,f6dd9552-fbc5-4490-ac27-b50ff948f8f5,
5ee79fc1-2d4e-41d8-964b-e0c0fa6e412c,6835479c-f9e6-4975-aded-a3ee099f5f96,64ca7387-df24-4f3b-8090-7bcb2359d4e2,f4c83f73-8465-45c6-9878-06c17f29bfd5,Nishant Desai,N Desai,8,1,12,12,1,0,100.00,0,4,Bowled,b: H Kumar,d36a9234-b2b2-44a0-9fa3-3e1527aa4b1c,,
5ee79fc1-2d4e-41d8-964b-e0c0fa6e412c,6835479c-f9e6-4975-aded-a3ee099f5f96,64ca7387-df24-4f3b-8090-7bcb2359d4e2,f95038af-66b1-440f-ac10-6bc3f6bee59d,Kethiri Sundaralingam,K Sundaralingam,9,1,16,9,1,1,177.77,0,1,Not Out,not out,,,
5ee79fc1-2d4e-41d8-964b-e0c0fa6e412c,6835479c-f9e6-4975-aded-a3ee099f5f96,64ca7387-df24-4f3b-8090-7bcb2359d4e2,a77cf25f-d7ed-413f-997e-85dfaa24ce2d,Jaspreet Singh,J Singh,10,1,40,20,3,3,200.00,0,1,Not Out,not out,,,
5ee79fc1-2d4e-41d8-964b-e0c0fa6e412c,6835479c-f9e6-4975-aded-a3ee099f5f96,64ca7387-df24-4f3b-8090-7bcb2359d4e2,80981555-6a97-4960-92fd-8d0dcccccb8b,Sri Harsha Karlapudi,S Karlapudi,11,1,0,0,0,0,0.00,0,0,Did Not Bat,did not bat,,,
5ee79fc1-2d4e-41d8-964b-e0c0fa6e412c,6835479c-f9e6-4975-aded-a3ee099f5f96,64ca7387-df24-4f3b-8090-7bcb2359d4e2,4e02289f-8b25-43f6-a742-08ecca61f4a9,Yasir Khan,Y Khan,12,1,0,0,0,0,0.00,0,0,Did Not Bat,did not bat,,,
5ee79fc1-2d4e-41d8-964b-e0c0fa6e412c,ef4823cf-6018-4a8c-b870-429ffea3e9c3,b0d2ee4c-be8f-4a75-b138-0740a52970c6,284746be-31ae-4e0e-82f8-d234412e08c4,Kieran Bhan,K Bhan,1,1,38,28,5,0,135.71,0,2,Caught,c: H Walia b: N Desai,f4c83f73-8465-45c6-9878-06c17f29bfd5,,
5ee79fc1-2d4e-41d8-964b-e0c0fa6e412c,ef4823cf-6018-4a8c-b870-429ffea3e9c3,b0d2ee4c-be8f-4a75-b138-0740a52970c6,c3a31191-6c5e-438e-9288-354845031832,Abcin Thomas,A Thomas,2,1,2,9,0,0,22.22,0,6,Run Out,run out (N Desai),4e02289f-8b25-43f6-a742-08ecca61f4a9,,
5ee79fc1-2d4e-41d8-964b-e0c0fa6e412c,ef4823cf-6018-4a8c-b870-429ffea3e9c3,b0d2ee4c-be8f-4a75-b138-0740a52970c6,7cccf3c2-52d5-4dfc-91c8-9664f27ac72b,Jai Bhan,J Bhan,3,1,66,47,7,0,140.42,0,1,Not Out,not out,,,
5ee79fc1-2d4e-41d8-964b-e0c0fa6e412c,ef4823cf-6018-4a8c-b870-429ffea3e9c3,b0d2ee4c-be8f-4a75-b138-0740a52970c6,d36a9234-b2b2-44a0-9fa3-3e1527aa4b1c,Harish Kumar,H Kumar,4,1,29,35,2,1,82.85,0,6,Run Out,run out (N Desai),107ba782-a6cb-4114-b26f-0244958d35b9,,
5ee79fc1-2d4e-41d8-964b-e0c0fa6e412c,ef4823cf-6018-4a8c-b870-429ffea3e9c3,b0d2ee4c-be8f-4a75-b138-0740a52970c6,100b60f9-15ab-4d35-9626-be4212a5d0e2,Rama Suravajjula,R Suravajjula,5,1,0,7,0,0,0.00,0,4,Bowled,b: C Singh,5c5af360-3004-434f-85e6-1b4aa0ef1204,,
5ee79fc1-2d4e-41d8-964b-e0c0fa6e412c,ef4823cf-6018-4a8c-b870-429ffea3e9c3,b0d2ee4c-be8f-4a75-b138-0740a52970c6,f6dd9552-fbc5-4490-ac27-b50ff948f8f5,Priyanshu Tomar,P Tomar,6,1,0,1,0,0,0.00,0,4,Bowled,b: ********,107ba782-a6cb-4114-b26f-0244958d35b9,,
5ee79fc1-2d4e-41d8-964b-e0c0fa6e412c,ef4823cf-6018-4a8c-b870-429ffea3e9c3,b0d2ee4c-be8f-4a75-b138-0740a52970c6,7512873c-b6b6-49fe-80ff-3733b5abd044,Mohaneesh Pitre,M Pitre,7,1,0,2,0,0,0.00,0,3,LBW,lbw: ********,107ba782-a6cb-4114-b26f-0244958d35b9,,
5ee79fc1-2d4e-41d8-964b-e0c0fa6e412c,ef4823cf-6018-4a8c-b870-429ffea3e9c3,b0d2ee4c-be8f-4a75-b138-0740a52970c6,6b74d336-b105-407c-b4ef-f68e2fba7862,Damandeep Sehra,D Sehra,8,1,19,36,1,0,52.77,0,1,Not Out,not out,,,
5ee79fc1-2d4e-41d8-964b-e0c0fa6e412c,ef4823cf-6018-4a8c-b870-429ffea3e9c3,b0d2ee4c-be8f-4a75-b138-0740a52970c6,1213eb90-9ab2-42db-b52a-865b0dfa7ea3,Ashish Sharma,A Sharma,9,1,7,12,1,0,58.33,0,2,Caught,c: ******** b: C Singh,5c5af360-3004-434f-85e6-1b4aa0ef1204,,
5ee79fc1-2d4e-41d8-964b-e0c0fa6e412c,ef4823cf-6018-4a8c-b870-429ffea3e9c3,b0d2ee4c-be8f-4a75-b138-0740a52970c6,8cc72ac1-93ab-43ad-a24f-fdcbf14da6a2,Kiran Tomy,K Tomy,10,1,9,23,0,0,39.13,0,5,Stumped,st: k das mahapatra b: H Walia,e0d334a3-c3f9-4dbe-849e-6da5f6cbd9fb,,
5ee79fc1-2d4e-41d8-964b-e0c0fa6e412c,ef4823cf-6018-4a8c-b870-429ffea3e9c3,b0d2ee4c-be8f-4a75-b138-0740a52970c6,7cffb99e-40e6-4c91-846f-2e5b755ecd0a,Mayur Mohan,M Mohan,11,1,1,5,0,0,20.00,0,4,Bowled,b: J Jaspal,aefa485a-983d-43f2-bb33-0e7dafa5686b,,
5ee79fc1-2d4e-41d8-964b-e0c0fa6e412c,ef4823cf-6018-4a8c-b870-429ffea3e9c3,b0d2ee4c-be8f-4a75-b138-0740a52970c6,400e4752-f236-4ca7-93e9-fd8ebee6735e,Siddhanth Chaurasiya,S Chaurasiya,12,1,0,0,0,0,0.00,0,0,Did Not Bat,did not bat,,,
6905f946-64a0-4f33-85e0-0d720095fac6,8ceac9bf-6603-4850-a247-e8380b40be39,7b46ae5e-158e-4ec2-a963-cb1fb6a2106c,681e3c47-e540-48df-9f6e-1bc9ac782420,Nicanor Martel,N Martel,1,1,52,37,8,1,140.54,0,1,Not Out,not out,,,
6905f946-64a0-4f33-85e0-0d720095fac6,8ceac9bf-6603-4850-a247-e8380b40be39,7b46ae5e-158e-4ec2-a963-cb1fb6a2106c,1897b1ba-7eac-4064-8193-138d968b35ec,Zachary Chamberlain,Z Chamberlain,2,1,8,12,1,0,66.66,0,2,Caught,c&b: M Pitre,7512873c-b6b6-49fe-80ff-3733b5abd044,7512873c-b6b6-49fe-80ff-3733b5abd044,
6905f946-64a0-4f33-85e0-0d720095fac6,8ceac9bf-6603-4850-a247-e8380b40be39,7b46ae5e-158e-4ec2-a963-cb1fb6a2106c,fc5b377e-0038-44af-8414-9d004fa3a318,Anmol Basnet,A Basnet,3,1,16,20,1,0,80.00,0,2,Caught,c: J Bhan b: S Chaurasiya,400e4752-f236-4ca7-93e9-fd8ebee6735e,7cccf3c2-52d5-4dfc-91c8-9664f27ac72b,
6905f946-64a0-4f33-85e0-0d720095fac6,8ceac9bf-6603-4850-a247-e8380b40be39,7b46ae5e-158e-4ec2-a963-cb1fb6a2106c,7796bd35-8673-403b-aa2f-08ac611de75c,Safahat Sheikh,S Sheikh,4,1,50,48,6,1,104.16,0,14,Retired Not Out,retired not out,,,
6905f946-64a0-4f33-85e0-0d720095fac6,8ceac9bf-6603-4850-a247-e8380b40be39,7b46ae5e-158e-4ec2-a963-cb1fb6a2106c,ce23961f-0a06-4dbc-809e-7d7294c09415,Tito Mozumder,T Mozumder,5,1,9,9,0,1,100.00,0,2,Caught,c:  b: M Mohan,7cffb99e-40e6-4c91-846f-2e5b755ecd0a,,
6905f946-64a0-4f33-85e0-0d720095fac6,8ceac9bf-6603-4850-a247-e8380b40be39,7b46ae5e-158e-4ec2-a963-cb1fb6a2106c,6d38fc51-ebaf-4c81-97bc-f8a95f663411,Ziad Bayzid,Z Bayzid,6,1,33,11,1,4,300.00,0,2,Caught,c:  b: S Bhan,360868ba-5d2a-4f9f-9f3a-fff5756f3f85,,
6905f946-64a0-4f33-85e0-0d720095fac6,8ceac9bf-6603-4850-a247-e8380b40be39,7b46ae5e-158e-4ec2-a963-cb1fb6a2106c,dbfb3285-bb1e-49dc-b187-bef3805bb1c4,Md mustafa Emu,M Emu,7,1,33,33,1,3,100.00,0,2,Caught,c:  b: R Suravajjula,100b60f9-15ab-4d35-9626-be4212a5d0e2,,
6905f946-64a0-4f33-85e0-0d720095fac6,8ceac9bf-6603-4850-a247-e8380b40be39,7b46ae5e-158e-4ec2-a963-cb1fb6a2106c,ff8e714c-46dc-4b08-ba63-c92189b87d6f,Shahaddat Hossain,S Hossain,8,1,26,20,3,0,130.00,0,2,Caught,c:  b: K Tomy,8cc72ac1-93ab-43ad-a24f-fdcbf14da6a2,,
6905f946-64a0-4f33-85e0-0d720095fac6,8ceac9bf-6603-4850-a247-e8380b40be39,7b46ae5e-158e-4ec2-a963-cb1fb6a2106c,e4e3226d-5b1d-4a4a-a522-a15959be6432,Md Mahafuzur Rohoman,M Rohoman,9,1,15,16,2,0,93.75,0,1,Not Out,not out,,,
6905f946-64a0-4f33-85e0-0d720095fac6,8ceac9bf-6603-4850-a247-e8380b40be39,7b46ae5e-158e-4ec2-a963-cb1fb6a2106c,7d8858e9-8be0-4d07-927e-f3559cafa61c,SHAIK HEMAD FAISAL,S FAISAL,10,1,1,5,0,0,20.00,0,6,Run Out,run out (),100b60f9-15ab-4d35-9626-be4212a5d0e2,,
6905f946-64a0-4f33-85e0-0d720095fac6,8ceac9bf-6603-4850-a247-e8380b40be39,7b46ae5e-158e-4ec2-a963-cb1fb6a2106c,0b30e42a-f3d0-4200-9efe-50d1ede96a78,Romi Rahman,R Rahman,11,1,3,3,0,0,100.00,0,6,Run Out,run out (),c3a31191-6c5e-438e-9288-354845031832,,
6905f946-64a0-4f33-85e0-0d720095fac6,8ceac9bf-6603-4850-a247-e8380b40be39,7b46ae5e-158e-4ec2-a963-cb1fb6a2106c,91e6cfc9-8d7f-43b1-85bf-f615fcb76525,Obi Hassan,O Hassan,12,1,0,0,0,0,0.00,0,0,Did Not Bat,did not bat,,,
6905f946-64a0-4f33-85e0-0d720095fac6,6bec5629-7268-4f33-8cea-e4755c5623f5,b0d2ee4c-be8f-4a75-b138-0740a52970c6,284746be-31ae-4e0e-82f8-d234412e08c4,Kieran Bhan,K Bhan,1,1,50,65,9,0,76.92,0,14,Retired Not Out,retired not out,,,
6905f946-64a0-4f33-85e0-0d720095fac6,6bec5629-7268-4f33-8cea-e4755c5623f5,b0d2ee4c-be8f-4a75-b138-0740a52970c6,f6dd9552-fbc5-4490-ac27-b50ff948f8f5,Priyanshu Tomar,P Tomar,2,1,9,10,1,0,90.00,0,2,Caught,c: A Basnet b: R Rahman,0b30e42a-f3d0-4200-9efe-50d1ede96a78,,
6905f946-64a0-4f33-85e0-0d720095fac6,6bec5629-7268-4f33-8cea-e4755c5623f5,b0d2ee4c-be8f-4a75-b138-0740a52970c6,7cccf3c2-52d5-4dfc-91c8-9664f27ac72b,Jai Bhan,J Bhan,3,1,50,56,4,0,89.28,0,14,Retired Not Out,retired not out,,,
6905f946-64a0-4f33-85e0-0d720095fac6,6bec5629-7268-4f33-8cea-e4755c5623f5,b0d2ee4c-be8f-4a75-b138-0740a52970c6,360868ba-5d2a-4f9f-9f3a-fff5756f3f85,Shandil Bhan,S Bhan,4,1,50,41,7,0,121.95,0,14,Retired Not Out,retired not out,,,
6905f946-64a0-4f33-85e0-0d720095fac6,6bec5629-7268-4f33-8cea-e4755c5623f5,b0d2ee4c-be8f-4a75-b138-0740a52970c6,7512873c-b6b6-49fe-80ff-3733b5abd044,Mohaneesh Pitre,M Pitre,5,1,12,11,2,0,109.09,0,2,Caught,c: Z Bayzid b: R Rahman,0b30e42a-f3d0-4200-9efe-50d1ede96a78,,
6905f946-64a0-4f33-85e0-0d720095fac6,6bec5629-7268-4f33-8cea-e4755c5623f5,b0d2ee4c-be8f-4a75-b138-0740a52970c6,b47cab94-0a21-43b5-ace2-ee06304e1880,Danny Singh,D Singh,6,1,22,13,0,2,169.23,0,1,Not Out,not out,,,
6905f946-64a0-4f33-85e0-0d720095fac6,6bec5629-7268-4f33-8cea-e4755c5623f5,b0d2ee4c-be8f-4a75-b138-0740a52970c6,1213eb90-9ab2-42db-b52a-865b0dfa7ea3,Ashish Sharma,A Sharma,7,1,1,2,0,0,50.00,0,4,Bowled,b: M Rohoman,e4e3226d-5b1d-4a4a-a522-a15959be6432,,
6905f946-64a0-4f33-85e0-0d720095fac6,6bec5629-7268-4f33-8cea-e4755c5623f5,b0d2ee4c-be8f-4a75-b138-0740a52970c6,c3a31191-6c5e-438e-9288-354845031832,Abcin Thomas,A Thomas,8,1,19,11,1,2,172.72,0,2,Caught,c: N Martel b: R Rahman,0b30e42a-f3d0-4200-9efe-50d1ede96a78,,
6905f946-64a0-4f33-85e0-0d720095fac6,6bec5629-7268-4f33-8cea-e4755c5623f5,b0d2ee4c-be8f-4a75-b138-0740a52970c6,100b60f9-15ab-4d35-9626-be4212a5d0e2,Rama Suravajjula,R Suravajjula,9,1,0,1,0,0,0.00,0,2,Caught,c: Z Bayzid b: R Rahman,0b30e42a-f3d0-4200-9efe-50d1ede96a78,,
6905f946-64a0-4f33-85e0-0d720095fac6,6bec5629-7268-4f33-8cea-e4755c5623f5,b0d2ee4c-be8f-4a75-b138-0740a52970c6,8cc72ac1-93ab-43ad-a24f-fdcbf14da6a2,Kiran Tomy,K Tomy,10,1,0,1,0,0,0.00,0,1,Not Out,not out,,,
6905f946-64a0-4f33-85e0-0d720095fac6,6bec5629-7268-4f33-8cea-e4755c5623f5,b0d2ee4c-be8f-4a75-b138-0740a52970c6,400e4752-f236-4ca7-93e9-fd8ebee6735e,Siddhanth Chaurasiya,S Chaurasiya,11,1,0,0,0,0,0.00,0,0,Did Not Bat,did not bat,,,
6905f946-64a0-4f33-85e0-0d720095fac6,6bec5629-7268-4f33-8cea-e4755c5623f5,b0d2ee4c-be8f-4a75-b138-0740a52970c6,7cffb99e-40e6-4c91-846f-2e5b755ecd0a,Mayur Mohan,M Mohan,12,1,0,0,0,0,0.00,0,0,Did Not Bat,did not bat,,,
8918a26c-cd36-4671-93a6-6aeac6a57e98,412ab85a-c603-4648-8a31-6d1ec7fdaaed,b0d2ee4c-be8f-4a75-b138-0740a52970c6,284746be-31ae-4e0e-82f8-d234412e08c4,Kieran Bhan,K Bhan,1,1,19,19,3,0,100.00,0,2,Caught,c: S Baskar b: M DEVGAN,a1601e10-d3aa-43e0-af12-9682993e6144,e71607f0-9b41-48c5-9042-e4b59b619dc2,
8918a26c-cd36-4671-93a6-6aeac6a57e98,412ab85a-c603-4648-8a31-6d1ec7fdaaed,b0d2ee4c-be8f-4a75-b138-0740a52970c6,f6dd9552-fbc5-4490-ac27-b50ff948f8f5,Priyanshu Tomar,P Tomar,2,1,3,11,0,0,27.27,0,4,Bowled,b: R SHARMA,eac66547-1d76-4661-8e2f-e538197ba47a,,
8918a26c-cd36-4671-93a6-6aeac6a57e98,412ab85a-c603-4648-8a31-6d1ec7fdaaed,b0d2ee4c-be8f-4a75-b138-0740a52970c6,d1ed36b2-499d-4b65-95a3-6f3f51177415,Armaan Datta,A Datta,3,1,53,36,9,0,147.22,0,14,Retired Not Out,retired not out,,,
8918a26c-cd36-4671-93a6-6aeac6a57e98,412ab85a-c603-4648-8a31-6d1ec7fdaaed,b0d2ee4c-be8f-4a75-b138-0740a52970c6,6b74d336-b105-407c-b4ef-f68e2fba7862,Damandeep Sehra,D Sehra,4,1,32,63,1,0,50.79,0,2,Caught,c&b: j Singh,f81c7258-4477-46f5-b288-27551ed48ae2,f81c7258-4477-46f5-b288-27551ed48ae2,
8918a26c-cd36-4671-93a6-6aeac6a57e98,412ab85a-c603-4648-8a31-6d1ec7fdaaed,b0d2ee4c-be8f-4a75-b138-0740a52970c6,7512873c-b6b6-49fe-80ff-3733b5abd044,Mohaneesh Pitre,M Pitre,5,1,19,24,1,0,79.16,0,4,Bowled,b: j Singh,f81c7258-4477-46f5-b288-27551ed48ae2,,
8918a26c-cd36-4671-93a6-6aeac6a57e98,412ab85a-c603-4648-8a31-6d1ec7fdaaed,b0d2ee4c-be8f-4a75-b138-0740a52970c6,7cccf3c2-52d5-4dfc-91c8-9664f27ac72b,Jai Bhan,J Bhan,6,1,32,31,2,0,103.22,0,2,Caught,c: A Aziz b: A Shaikh,970eda27-f434-41b9-9db4-56e8b9c221c7,ed4e5575-2e17-4b73-a67d-84cd7bf862a2,
8918a26c-cd36-4671-93a6-6aeac6a57e98,412ab85a-c603-4648-8a31-6d1ec7fdaaed,b0d2ee4c-be8f-4a75-b138-0740a52970c6,cefd9f7d-2787-4b4c-9a13-4e1d0d434ff8,Siddhesh Jitendrabhai vadapalli,S vadapalli,7,1,14,14,0,0,100.00,0,6,Run Out,run out (),457d2d89-be0b-4913-8a29-14ea368264c1,,
8918a26c-cd36-4671-93a6-6aeac6a57e98,412ab85a-c603-4648-8a31-6d1ec7fdaaed,b0d2ee4c-be8f-4a75-b138-0740a52970c6,1213eb90-9ab2-42db-b52a-865b0dfa7ea3,Ashish Sharma,A Sharma,8,1,2,4,0,0,50.00,0,3,LBW,lbw: R SHARMA,eac66547-1d76-4661-8e2f-e538197ba47a,,
8918a26c-cd36-4671-93a6-6aeac6a57e98,412ab85a-c603-4648-8a31-6d1ec7fdaaed,b0d2ee4c-be8f-4a75-b138-0740a52970c6,100b60f9-15ab-4d35-9626-be4212a5d0e2,Rama Suravajjula,R Suravajjula,9,1,5,6,1,0,83.33,0,6,Run Out,run out (),eac66547-1d76-4661-8e2f-e538197ba47a,,
8918a26c-cd36-4671-93a6-6aeac6a57e98,412ab85a-c603-4648-8a31-6d1ec7fdaaed,b0d2ee4c-be8f-4a75-b138-0740a52970c6,400e4752-f236-4ca7-93e9-fd8ebee6735e,Siddhanth Chaurasiya,S Chaurasiya,10,1,0,0,0,0,0.00,0,1,Not Out,not out,,,
8918a26c-cd36-4671-93a6-6aeac6a57e98,412ab85a-c603-4648-8a31-6d1ec7fdaaed,b0d2ee4c-be8f-4a75-b138-0740a52970c6,7cffb99e-40e6-4c91-846f-2e5b755ecd0a,Mayur Mohan,M Mohan,11,1,0,2,0,0,0.00,0,2,Caught,c:  b: R SHARMA,eac66547-1d76-4661-8e2f-e538197ba47a,,
8918a26c-cd36-4671-93a6-6aeac6a57e98,412ab85a-c603-4648-8a31-6d1ec7fdaaed,b0d2ee4c-be8f-4a75-b138-0740a52970c6,8cc72ac1-93ab-43ad-a24f-fdcbf14da6a2,Kiran Tomy,K Tomy,12,1,0,0,0,0,0.00,0,0,Did Not Bat,did not bat,,,
8918a26c-cd36-4671-93a6-6aeac6a57e98,f4a84464-aee0-4222-b8c8-4d020a583487,8b65ef27-5bb8-46ca-8193-be128c5af1b0,e71607f0-9b41-48c5-9042-e4b59b619dc2,Sundar Baskar,S Baskar,1,1,22,25,4,0,88.00,0,4,Bowled,b: M Mohan,7cffb99e-40e6-4c91-846f-2e5b755ecd0a,,
8918a26c-cd36-4671-93a6-6aeac6a57e98,f4a84464-aee0-4222-b8c8-4d020a583487,8b65ef27-5bb8-46ca-8193-be128c5af1b0,e4f15cc3-86b1-4450-843c-23776a4218f3,Karan Sharma,K Sharma,2,1,14,14,2,0,100.00,0,2,Caught,c: J Bhan b: S Chaurasiya,400e4752-f236-4ca7-93e9-fd8ebee6735e,d1ed36b2-499d-4b65-95a3-6f3f51177415,
8918a26c-cd36-4671-93a6-6aeac6a57e98,f4a84464-aee0-4222-b8c8-4d020a583487,8b65ef27-5bb8-46ca-8193-be128c5af1b0,970eda27-f434-41b9-9db4-56e8b9c221c7,Abdul Rafique Shaikh,A Shaikh,3,1,18,24,2,0,75.00,0,2,Caught,c: S Chaurasiya b: M Mohan,7cffb99e-40e6-4c91-846f-2e5b755ecd0a,7512873c-b6b6-49fe-80ff-3733b5abd044,
8918a26c-cd36-4671-93a6-6aeac6a57e98,f4a84464-aee0-4222-b8c8-4d020a583487,8b65ef27-5bb8-46ca-8193-be128c5af1b0,ed4e5575-2e17-4b73-a67d-84cd7bf862a2,Abdul Aziz,A Aziz,4,1,49,65,4,0,75.38,0,1,Not Out,not out,,,
8918a26c-cd36-4671-93a6-6aeac6a57e98,f4a84464-aee0-4222-b8c8-4d020a583487,8b65ef27-5bb8-46ca-8193-be128c5af1b0,457d2d89-be0b-4913-8a29-14ea368264c1,********,********,5,1,52,26,4,4,200.00,0,14,Retired Not Out,retired not out,,,
8918a26c-cd36-4671-93a6-6aeac6a57e98,f4a84464-aee0-4222-b8c8-4d020a583487,8b65ef27-5bb8-46ca-8193-be128c5af1b0,27d0c8ef-90da-4f7b-a7e4-c8a3f0f969dd,Nikhil Taneja,N Taneja,6,1,2,8,0,0,25.00,0,2,Caught,c: S Chaurasiya b: A Datta,d1ed36b2-499d-4b65-95a3-6f3f51177415,f6dd9552-fbc5-4490-ac27-b50ff948f8f5,
8918a26c-cd36-4671-93a6-6aeac6a57e98,f4a84464-aee0-4222-b8c8-4d020a583487,8b65ef27-5bb8-46ca-8193-be128c5af1b0,82a1eaaa-aa0b-4fad-8527-49e84d257a9c,Rajesh Kumar Chopra,R Chopra,7,1,4,9,0,0,44.44,0,6,Run Out,"run out (P Tomar, R Suravajjula)",d1ed36b2-499d-4b65-95a3-6f3f51177415,d1ed36b2-499d-4b65-95a3-6f3f51177415,f6dd9552-fbc5-4490-ac27-b50ff948f8f5
8918a26c-cd36-4671-93a6-6aeac6a57e98,f4a84464-aee0-4222-b8c8-4d020a583487,8b65ef27-5bb8-46ca-8193-be128c5af1b0,f81c7258-4477-46f5-b288-27551ed48ae2,jagmeet Singh,j Singh,8,1,4,2,1,0,200.00,0,4,Bowled,b: A Datta,d1ed36b2-499d-4b65-95a3-6f3f51177415,,
8918a26c-cd36-4671-93a6-6aeac6a57e98,f4a84464-aee0-4222-b8c8-4d020a583487,8b65ef27-5bb8-46ca-8193-be128c5af1b0,a1601e10-d3aa-43e0-af12-9682993e6144,Mannu DEVGAN,M DEVGAN,9,1,0,1,0,0,0.00,0,1,Not Out,not out,,,
8918a26c-cd36-4671-93a6-6aeac6a57e98,f4a84464-aee0-4222-b8c8-4d020a583487,8b65ef27-5bb8-46ca-8193-be128c5af1b0,e650f60f-8e5b-4d2d-a7ad-205a7882b8d2,Ashish Samayar,A Samayar,10,1,0,0,0,0,0.00,0,0,Did Not Bat,did not bat,,,
8918a26c-cd36-4671-93a6-6aeac6a57e98,f4a84464-aee0-4222-b8c8-4d020a583487,8b65ef27-5bb8-46ca-8193-be128c5af1b0,eac66547-1d76-4661-8e2f-e538197ba47a,RAJAN SHARMA,R SHARMA,11,1,0,0,0,0,0.00,0,0,Did Not Bat,did not bat,,,
f8533234-6cba-4fd6-88c1-46eb86d908c4,0750d87b-13aa-43ce-b499-1dc87f78a480,b0d2ee4c-be8f-4a75-b138-0740a52970c6,284746be-31ae-4e0e-82f8-d234412e08c4,Kieran Bhan,K Bhan,1,1,25,33,2,0,75.75,0,6,Run Out,run out (),9350cb9f-5d41-4753-bc9f-8816aeab3584,,
f8533234-6cba-4fd6-88c1-46eb86d908c4,0750d87b-13aa-43ce-b499-1dc87f78a480,b0d2ee4c-be8f-4a75-b138-0740a52970c6,7512873c-b6b6-49fe-80ff-3733b5abd044,Mohaneesh Pitre,M Pitre,2,1,20,33,2,0,60.60,0,4,Bowled,b: S M Nair,9350cb9f-5d41-4753-bc9f-8816aeab3584,,
f8533234-6cba-4fd6-88c1-46eb86d908c4,0750d87b-13aa-43ce-b499-1dc87f78a480,b0d2ee4c-be8f-4a75-b138-0740a52970c6,7cccf3c2-52d5-4dfc-91c8-9664f27ac72b,Jai Bhan,J Bhan,3,1,53,44,8,0,120.45,0,14,Retired Not Out,retired not out,,,
f8533234-6cba-4fd6-88c1-46eb86d908c4,0750d87b-13aa-43ce-b499-1dc87f78a480,b0d2ee4c-be8f-4a75-b138-0740a52970c6,8cc72ac1-93ab-43ad-a24f-fdcbf14da6a2,Kiran Tomy,K Tomy,4,1,4,17,1,0,23.52,0,2,Caught,c:  b: D mandhan,60116b48-8c32-440e-841b-a59f9743112d,,
f8533234-6cba-4fd6-88c1-46eb86d908c4,0750d87b-13aa-43ce-b499-1dc87f78a480,b0d2ee4c-be8f-4a75-b138-0740a52970c6,f6dd9552-fbc5-4490-ac27-b50ff948f8f5,Priyanshu Tomar,P Tomar,5,1,0,8,0,0,0.00,0,2,Caught,c:  b: D mandhan,60116b48-8c32-440e-841b-a59f9743112d,,
f8533234-6cba-4fd6-88c1-46eb86d908c4,0750d87b-13aa-43ce-b499-1dc87f78a480,b0d2ee4c-be8f-4a75-b138-0740a52970c6,c3a31191-6c5e-438e-9288-354845031832,Abcin Thomas,A Thomas,6,1,29,26,2,1,111.53,0,4,Bowled,b: R Varghese,9350cb9f-5d41-4753-bc9f-8816aeab3584,,
f8533234-6cba-4fd6-88c1-46eb86d908c4,0750d87b-13aa-43ce-b499-1dc87f78a480,b0d2ee4c-be8f-4a75-b138-0740a52970c6,360868ba-5d2a-4f9f-9f3a-fff5756f3f85,Shandil Bhan,S Bhan,7,1,7,9,0,0,77.77,0,3,LBW,lbw: M Fawaz,5cb3ad1a-2002-4472-a967-897e22b3f9bc,,
f8533234-6cba-4fd6-88c1-46eb86d908c4,0750d87b-13aa-43ce-b499-1dc87f78a480,b0d2ee4c-be8f-4a75-b138-0740a52970c6,6b74d336-b105-407c-b4ef-f68e2fba7862,Damandeep Sehra,D Sehra,8,1,17,24,1,0,70.83,0,1,Not Out,not out,,,
f8533234-6cba-4fd6-88c1-46eb86d908c4,0750d87b-13aa-43ce-b499-1dc87f78a480,b0d2ee4c-be8f-4a75-b138-0740a52970c6,100b60f9-15ab-4d35-9626-be4212a5d0e2,Rama Suravajjula,R Suravajjula,9,1,4,7,1,0,57.14,0,2,Caught,c: i sarao b: N Nteris,5be85e66-1d76-497f-97b8-f66c058ef70c,b61852cf-fcdd-4b42-9f07-59dc8036d70c,
f8533234-6cba-4fd6-88c1-46eb86d908c4,0750d87b-13aa-43ce-b499-1dc87f78a480,b0d2ee4c-be8f-4a75-b138-0740a52970c6,1213eb90-9ab2-42db-b52a-865b0dfa7ea3,Ashish Sharma,A Sharma,10,1,3,7,0,0,42.85,0,2,Caught,c: V Vijayan b: R Varghese,9350cb9f-5d41-4753-bc9f-8816aeab3584,389eb7a6-e765-4b68-8b9d-6776a708b8cf,
f8533234-6cba-4fd6-88c1-46eb86d908c4,0750d87b-13aa-43ce-b499-1dc87f78a480,b0d2ee4c-be8f-4a75-b138-0740a52970c6,400e4752-f236-4ca7-93e9-fd8ebee6735e,Siddhanth Chaurasiya,S Chaurasiya,11,1,4,7,0,0,57.14,0,1,Not Out,not out,,,
f8533234-6cba-4fd6-88c1-46eb86d908c4,0750d87b-13aa-43ce-b499-1dc87f78a480,b0d2ee4c-be8f-4a75-b138-0740a52970c6,7cffb99e-40e6-4c91-846f-2e5b755ecd0a,Mayur Mohan,M Mohan,12,1,0,0,0,0,0.00,0,0,Did Not Bat,did not bat,,,
f8533234-6cba-4fd6-88c1-46eb86d908c4,2bdb0b9e-7951-411d-9098-1579ee16f47e,50bf1c40-962b-4026-a5a8-74da34bacbff,b82895ed-2be5-4c36-9f04-9f5f495374e4,Sreejith M Nair,S M Nair,1,1,50,37,8,0,135.13,0,14,Retired Not Out,retired not out,,,
f8533234-6cba-4fd6-88c1-46eb86d908c4,2bdb0b9e-7951-411d-9098-1579ee16f47e,50bf1c40-962b-4026-a5a8-74da34bacbff,5cb3ad1a-2002-4472-a967-897e22b3f9bc,Muhammad Fawaz,M Fawaz,2,1,0,2,0,0,0.00,0,4,Bowled,b: M Mohan,7cffb99e-40e6-4c91-846f-2e5b755ecd0a,,
f8533234-6cba-4fd6-88c1-46eb86d908c4,2bdb0b9e-7951-411d-9098-1579ee16f47e,50bf1c40-962b-4026-a5a8-74da34bacbff,f3a44db7-e4bb-439a-87c0-e4c7836da26a,Yaswanth Gorthi,Y Gorthi,3,1,25,24,6,0,104.16,0,4,Bowled,b: A Thomas,c3a31191-6c5e-438e-9288-354845031832,,
f8533234-6cba-4fd6-88c1-46eb86d908c4,2bdb0b9e-7951-411d-9098-1579ee16f47e,50bf1c40-962b-4026-a5a8-74da34bacbff,b61852cf-fcdd-4b42-9f07-59dc8036d70c,ivninder sarao,i sarao,4,1,3,13,0,0,23.07,0,4,Bowled,b: K Bhan,284746be-31ae-4e0e-82f8-d234412e08c4,,
f8533234-6cba-4fd6-88c1-46eb86d908c4,2bdb0b9e-7951-411d-9098-1579ee16f47e,50bf1c40-962b-4026-a5a8-74da34bacbff,cb0f9bd2-d412-4be6-a49d-29e0f8a82f48,Ram Oraon,R Oraon,5,1,42,34,4,2,123.52,0,2,Caught,c: K Tomy b: M Pitre,7512873c-b6b6-49fe-80ff-3733b5abd044,8cc72ac1-93ab-43ad-a24f-fdcbf14da6a2,
f8533234-6cba-4fd6-88c1-46eb86d908c4,2bdb0b9e-7951-411d-9098-1579ee16f47e,50bf1c40-962b-4026-a5a8-74da34bacbff,389eb7a6-e765-4b68-8b9d-6776a708b8cf,Vijayaraj Vijayan,V Vijayan,6,1,49,40,3,3,122.50,0,4,Bowled,b: M Mohan,7cffb99e-40e6-4c91-846f-2e5b755ecd0a,,
f8533234-6cba-4fd6-88c1-46eb86d908c4,2bdb0b9e-7951-411d-9098-1579ee16f47e,50bf1c40-962b-4026-a5a8-74da34bacbff,0893eba0-4bea-4537-b9f3-d8347d26bee8,KeerthiKrishna Kasturi,K Kasturi,7,1,9,17,1,0,52.94,0,2,Caught,c: J Bhan b: D Sehra,6b74d336-b105-407c-b4ef-f68e2fba7862,7cccf3c2-52d5-4dfc-91c8-9664f27ac72b,
f8533234-6cba-4fd6-88c1-46eb86d908c4,2bdb0b9e-7951-411d-9098-1579ee16f47e,50bf1c40-962b-4026-a5a8-74da34bacbff,9350cb9f-5d41-4753-bc9f-8816aeab3584,Robin Varghese,R Varghese,8,1,0,1,0,0,0.00,0,2,Caught,c:  b: A Thomas,c3a31191-6c5e-438e-9288-354845031832,,
f8533234-6cba-4fd6-88c1-46eb86d908c4,2bdb0b9e-7951-411d-9098-1579ee16f47e,50bf1c40-962b-4026-a5a8-74da34bacbff,5be85e66-1d76-497f-97b8-f66c058ef70c,Nick Nteris,N Nteris,9,1,1,8,0,0,12.50,0,1,Not Out,not out,,,
f8533234-6cba-4fd6-88c1-46eb86d908c4,2bdb0b9e-7951-411d-9098-1579ee16f47e,50bf1c40-962b-4026-a5a8-74da34bacbff,60116b48-8c32-440e-841b-a59f9743112d,Divyansh mandhan,D mandhan,10,1,2,1,0,0,200.00,0,1,Not Out,not out,,,
f8533234-6cba-4fd6-88c1-46eb86d908c4,2bdb0b9e-7951-411d-9098-1579ee16f47e,50bf1c40-962b-4026-a5a8-74da34bacbff,76877711-e260-4b57-96dc-7259b9cdf052,Jayakumar Pillai,J Pillai,11,1,0,0,0,0,0.00,0,0,Did Not Bat,did not bat,,,
f8533234-6cba-4fd6-88c1-46eb86d908c4,2bdb0b9e-7951-411d-9098-1579ee16f47e,50bf1c40-962b-4026-a5a8-74da34bacbff,45464612-b8a3-48d7-b22b-5fffc9b288db,Navjot Singh,N Singh,12,1,0,0,0,0,0.00,0,0,Did Not Bat,did not bat,,,
fbd6e9ad-55b7-4dbd-9810-3e1c4e5bedb7,dea3e651-2a71-4c86-aa6d-ef1b71dba643,1977fa7e-f689-4fee-b28e-a9aa92a3a15c,53691dfa-c68f-4254-a548-e19277168a71,Shaheer Kamdar,S Kamdar,1,1,10,11,1,0,90.90,0,2,Caught,c: R Suravajjula b: S Chaurasiya,400e4752-f236-4ca7-93e9-fd8ebee6735e,,
fbd6e9ad-55b7-4dbd-9810-3e1c4e5bedb7,dea3e651-2a71-4c86-aa6d-ef1b71dba643,1977fa7e-f689-4fee-b28e-a9aa92a3a15c,15561a20-43fa-462e-8a20-7e238de146d1,Ali Raza Keshvani,A Keshvani,2,1,0,2,0,0,0.00,0,2,Caught,c: J Bhan b: S Chaurasiya,400e4752-f236-4ca7-93e9-fd8ebee6735e,7cccf3c2-52d5-4dfc-91c8-9664f27ac72b,
fbd6e9ad-55b7-4dbd-9810-3e1c4e5bedb7,dea3e651-2a71-4c86-aa6d-ef1b71dba643,1977fa7e-f689-4fee-b28e-a9aa92a3a15c,1db26eb5-6954-4893-bf2c-5ce25d1feac5,Salman Raza,S Raza,3,1,38,38,6,0,100.00,0,2,Caught,c: J Bhan b: A Thomas,c3a31191-6c5e-438e-9288-354845031832,7cccf3c2-52d5-4dfc-91c8-9664f27ac72b,
fbd6e9ad-55b7-4dbd-9810-3e1c4e5bedb7,dea3e651-2a71-4c86-aa6d-ef1b71dba643,1977fa7e-f689-4fee-b28e-a9aa92a3a15c,d646e128-a3e8-456a-bc6e-5b0d02f77999,Rizwan Malik,R Malik,4,1,39,33,5,1,118.18,0,2,Caught,c: A Datta b: A Thomas,c3a31191-6c5e-438e-9288-354845031832,d1ed36b2-499d-4b65-95a3-6f3f51177415,
fbd6e9ad-55b7-4dbd-9810-3e1c4e5bedb7,dea3e651-2a71-4c86-aa6d-ef1b71dba643,1977fa7e-f689-4fee-b28e-a9aa92a3a15c,39cd185c-a573-4e69-9edc-4703ab63b65e,Sharjeel Zaheer,S Zaheer,5,1,6,5,1,0,120.00,0,2,Caught,c: P Tomar b: A Thomas,c3a31191-6c5e-438e-9288-354845031832,f6dd9552-fbc5-4490-ac27-b50ff948f8f5,
fbd6e9ad-55b7-4dbd-9810-3e1c4e5bedb7,dea3e651-2a71-4c86-aa6d-ef1b71dba643,1977fa7e-f689-4fee-b28e-a9aa92a3a15c,d1f98491-d832-4ff3-89c9-71c8f821f7ce,Zohair Vakil,Z Vakil,6,1,5,7,1,0,71.42,0,2,Caught,c: A Thomas b: R Suravajjula,100b60f9-15ab-4d35-9626-be4212a5d0e2,c3a31191-6c5e-438e-9288-354845031832,
fbd6e9ad-55b7-4dbd-9810-3e1c4e5bedb7,dea3e651-2a71-4c86-aa6d-ef1b71dba643,1977fa7e-f689-4fee-b28e-a9aa92a3a15c,54e92298-41e3-4385-8677-0f497d7e0821,Hussain Ali Nasser,H Nasser,7,1,0,4,0,0,0.00,0,4,Bowled,b: R Suravajjula,100b60f9-15ab-4d35-9626-be4212a5d0e2,,
fbd6e9ad-55b7-4dbd-9810-3e1c4e5bedb7,dea3e651-2a71-4c86-aa6d-ef1b71dba643,1977fa7e-f689-4fee-b28e-a9aa92a3a15c,04e7a985-6b15-448d-95bd-66323490e8aa,Moiz Ahmed,M Ahmed,8,1,22,26,2,0,84.61,0,4,Bowled,b: M Mohan,7cffb99e-40e6-4c91-846f-2e5b755ecd0a,,
fbd6e9ad-55b7-4dbd-9810-3e1c4e5bedb7,dea3e651-2a71-4c86-aa6d-ef1b71dba643,1977fa7e-f689-4fee-b28e-a9aa92a3a15c,4a8827f1-21b8-4244-951e-396d3219bfc4,Ali Altaf,A Altaf,9,1,62,40,7,3,155.00,0,2,Caught,c: K Bhan b: D Sehra,6b74d336-b105-407c-b4ef-f68e2fba7862,,
fbd6e9ad-55b7-4dbd-9810-3e1c4e5bedb7,dea3e651-2a71-4c86-aa6d-ef1b71dba643,1977fa7e-f689-4fee-b28e-a9aa92a3a15c,450085b3-a1bf-4230-aab4-2bdf1a746fd4,Rafay Abbas,R Abbas,10,1,6,12,1,0,50.00,0,2,Caught,c: A Thomas b: D Sehra,6b74d336-b105-407c-b4ef-f68e2fba7862,c3a31191-6c5e-438e-9288-354845031832,
fbd6e9ad-55b7-4dbd-9810-3e1c4e5bedb7,dea3e651-2a71-4c86-aa6d-ef1b71dba643,1977fa7e-f689-4fee-b28e-a9aa92a3a15c,49c57cdd-0718-4c44-a2cf-b4e8b8dd53ca,Mudabir Ali,M Ali,11,1,2,6,0,0,33.33,0,1,Not Out,not out,,,
fbd6e9ad-55b7-4dbd-9810-3e1c4e5bedb7,dea3e651-2a71-4c86-aa6d-ef1b71dba643,1977fa7e-f689-4fee-b28e-a9aa92a3a15c,3ae810c1-61a1-4770-8e81-9833107949fb,Muhammad Kapasi,M Kapasi,12,1,0,0,0,0,0.00,0,0,Did Not Bat,did not bat,,,
fbd6e9ad-55b7-4dbd-9810-3e1c4e5bedb7,cab4578f-edba-4a50-a24f-945e61822468,b0d2ee4c-be8f-4a75-b138-0740a52970c6,f6dd9552-fbc5-4490-ac27-b50ff948f8f5,Priyanshu Tomar,P Tomar,1,1,1,4,0,0,25.00,0,4,Bowled,b: M Kapasi,3ae810c1-61a1-4770-8e81-9833107949fb,,
fbd6e9ad-55b7-4dbd-9810-3e1c4e5bedb7,cab4578f-edba-4a50-a24f-945e61822468,b0d2ee4c-be8f-4a75-b138-0740a52970c6,284746be-31ae-4e0e-82f8-d234412e08c4,Kieran Bhan,K Bhan,2,1,0,5,0,0,0.00,0,4,Bowled,b: M Kapasi,3ae810c1-61a1-4770-8e81-9833107949fb,,
fbd6e9ad-55b7-4dbd-9810-3e1c4e5bedb7,cab4578f-edba-4a50-a24f-945e61822468,b0d2ee4c-be8f-4a75-b138-0740a52970c6,d1ed36b2-499d-4b65-95a3-6f3f51177415,Armaan Datta,A Datta,3,1,31,24,5,1,129.16,0,2,Caught,c: R Malik b: M Ahmed,04e7a985-6b15-448d-95bd-66323490e8aa,d646e128-a3e8-456a-bc6e-5b0d02f77999,
fbd6e9ad-55b7-4dbd-9810-3e1c4e5bedb7,cab4578f-edba-4a50-a24f-945e61822468,b0d2ee4c-be8f-4a75-b138-0740a52970c6,8cc72ac1-93ab-43ad-a24f-fdcbf14da6a2,Kiran Tomy,K Tomy,4,1,0,2,0,0,0.00,0,3,LBW,lbw: M Kapasi,3ae810c1-61a1-4770-8e81-9833107949fb,,
fbd6e9ad-55b7-4dbd-9810-3e1c4e5bedb7,cab4578f-edba-4a50-a24f-945e61822468,b0d2ee4c-be8f-4a75-b138-0740a52970c6,7cccf3c2-52d5-4dfc-91c8-9664f27ac72b,Jai Bhan,J Bhan,5,1,67,70,10,0,95.71,0,2,Caught,c:  b: M Ahmed,04e7a985-6b15-448d-95bd-66323490e8aa,,
fbd6e9ad-55b7-4dbd-9810-3e1c4e5bedb7,cab4578f-edba-4a50-a24f-945e61822468,b0d2ee4c-be8f-4a75-b138-0740a52970c6,d36a9234-b2b2-44a0-9fa3-3e1527aa4b1c,Harish Kumar,H Kumar,6,1,6,12,0,0,50.00,0,2,Caught,c: R Abbas b: M Ahmed,04e7a985-6b15-448d-95bd-66323490e8aa,450085b3-a1bf-4230-aab4-2bdf1a746fd4,
fbd6e9ad-55b7-4dbd-9810-3e1c4e5bedb7,cab4578f-edba-4a50-a24f-945e61822468,b0d2ee4c-be8f-4a75-b138-0740a52970c6,1213eb90-9ab2-42db-b52a-865b0dfa7ea3,Ashish Sharma,A Sharma,7,1,4,3,1,0,133.33,0,4,Bowled,b: A Altaf,4a8827f1-21b8-4244-951e-396d3219bfc4,,
fbd6e9ad-55b7-4dbd-9810-3e1c4e5bedb7,cab4578f-edba-4a50-a24f-945e61822468,b0d2ee4c-be8f-4a75-b138-0740a52970c6,c3a31191-6c5e-438e-9288-354845031832,Abcin Thomas,A Thomas,8,1,18,36,1,0,50.00,0,4,Bowled,b: A Altaf,4a8827f1-21b8-4244-951e-396d3219bfc4,,
fbd6e9ad-55b7-4dbd-9810-3e1c4e5bedb7,cab4578f-edba-4a50-a24f-945e61822468,b0d2ee4c-be8f-4a75-b138-0740a52970c6,6b74d336-b105-407c-b4ef-f68e2fba7862,Damandeep Sehra,D Sehra,9,1,10,13,1,0,76.92,0,4,Bowled,b: Z Vakil,d1f98491-d832-4ff3-89c9-71c8f821f7ce,,
fbd6e9ad-55b7-4dbd-9810-3e1c4e5bedb7,cab4578f-edba-4a50-a24f-945e61822468,b0d2ee4c-be8f-4a75-b138-0740a52970c6,100b60f9-15ab-4d35-9626-be4212a5d0e2,Rama Suravajjula,R Suravajjula,10,1,0,1,0,0,0.00,0,3,LBW,lbw: A Altaf,4a8827f1-21b8-4244-951e-396d3219bfc4,,
fbd6e9ad-55b7-4dbd-9810-3e1c4e5bedb7,cab4578f-edba-4a50-a24f-945e61822468,b0d2ee4c-be8f-4a75-b138-0740a52970c6,400e4752-f236-4ca7-93e9-fd8ebee6735e,Siddhanth Chaurasiya,S Chaurasiya,11,1,13,18,1,0,72.22,0,1,Not Out,not out,,,
fbd6e9ad-55b7-4dbd-9810-3e1c4e5bedb7,cab4578f-edba-4a50-a24f-945e61822468,b0d2ee4c-be8f-4a75-b138-0740a52970c6,7cffb99e-40e6-4c91-846f-2e5b755ecd0a,Mayur Mohan,M Mohan,12,1,0,0,0,0,0.00,0,0,Did Not Bat,did not bat,,,
