match_id,official_id,official_name,official_short_name,role,role_id
05665f84-65b6-4604-a11e-759276140c32,,Robert Watts,R Watts,Umpire,
2c40c9b2-40eb-4b37-becf-5c817751a1d6,,Joseph Darmenia,J Darmenia,Umpire,
4db01962-99f7-4b10-a382-6f8f3623144b,,Sam Vidanapathirana,S Vidanapathirana,Umpire,
4e5fbe6d-325e-4a21-9982-f080f8605615,,Gary Said,G Said,Umpire,
5ee79fc1-2d4e-41d8-964b-e0c0fa6e412c,,Tausif Ahmed,T Ahmed,Umpire,
6905f946-64a0-4f33-85e0-0d720095fac6,,Md Shohel  Parvez,M Shohel,Umpire,
8918a26c-cd36-4671-93a6-6aeac6a57e98,,Fahim Shahrear,F Shahrear,Umpire,
f8533234-6cba-4fd6-88c1-46eb86d908c4,,Md Shohel  Parvez,M Shohel,Umpire,
fbd6e9ad-55b7-4dbd-9810-3e1c4e5bedb7,,Fahim Shahrear,F Shahrear,Umpire,
