season_id,season,team_id,grade_id,grade_name,player_key,canonical_player_id,canonical_player_name,display_player_name,bbb_runs,bbb_balls_faced,bbb_dismissals,bbb_dot_balls,bbb_dot_ball_balls_faced,bbb_batting_innings,bbb_matches,latest_match_date,bat_sr,batting_dot_ball_pct
3750296e-c0ac-4f67-ada4-9a47266c1f8a,Winter 2021,805a6aa6-ae5a-419c-912b-dd3c9fbf2910,fea4630e-beb1-4d1d-8562-9731c22d9173,North Division - Bhatia Shield,faraz_khan,faraz_khan,Faraz Khan,Faraz Khan,7.0,10.0,1,6,10.0,1,1,2021-07-03T22:00:00.0000000+10:00,70.0,60.0
3750296e-c0ac-4f67-ada4-9a47266c1f8a,Winter 2021,805a6aa6-ae5a-419c-912b-dd3c9fbf2910,fea4630e-beb1-4d1d-8562-9731c22d9173,North Division - Bhatia Shield,ibad_mohammed,ibad_mohammed,Ibad Mohammed,Ibad Mohammed,65.0,81.0,1,53,81.0,1,1,2021-07-03T22:00:00.0000000+10:00,80.24691358024691,65.4320987654321
3750296e-c0ac-4f67-ada4-9a47266c1f8a,Winter 2021,805a6aa6-ae5a-419c-912b-dd3c9fbf2910,fea4630e-beb1-4d1d-8562-9731c22d9173,North Division - Bhatia Shield,jimmy_sharma,jimmy_sharma,Jimmy Sharma,Jimmy Sharma,3.0,8.0,1,5,8.0,1,1,2021-07-03T22:00:00.0000000+10:00,37.5,62.5
3750296e-c0ac-4f67-ada4-9a47266c1f8a,Winter 2021,805a6aa6-ae5a-419c-912b-dd3c9fbf2910,fea4630e-beb1-4d1d-8562-9731c22d9173,North Division - Bhatia Shield,raw_661bdd19_e67a_4978_a255_36e16789ab1f,raw_661bdd19_e67a_4978_a255_36e16789ab1f,Nitin Tanwar,Nitin Tanwar,0.0,3.0,1,3,3.0,1,1,2021-07-03T22:00:00.0000000+10:00,0.0,100.0
3750296e-c0ac-4f67-ada4-9a47266c1f8a,Winter 2021,805a6aa6-ae5a-419c-912b-dd3c9fbf2910,fea4630e-beb1-4d1d-8562-9731c22d9173,North Division - Bhatia Shield,raw_6b74d336_b105_407c_b4ef_f68e2fba7862,raw_6b74d336_b105_407c_b4ef_f68e2fba7862,Damandeep Sehra,Damandeep Sehra,15.0,34.0,1,24,34.0,1,1,2021-07-03T22:00:00.0000000+10:00,44.11764705882353,70.58823529411765
3750296e-c0ac-4f67-ada4-9a47266c1f8a,Winter 2021,805a6aa6-ae5a-419c-912b-dd3c9fbf2910,fea4630e-beb1-4d1d-8562-9731c22d9173,North Division - Bhatia Shield,raw_71ef9dbf_3692_4288_94d6_3030623bea83,raw_71ef9dbf_3692_4288_94d6_3030623bea83,Muhammad Anas Mukhtar,Muhammad Anas Mukhtar,24.0,38.0,1,21,38.0,1,1,2021-07-03T22:00:00.0000000+10:00,63.1578947368421,55.26315789473684
3750296e-c0ac-4f67-ada4-9a47266c1f8a,Winter 2021,805a6aa6-ae5a-419c-912b-dd3c9fbf2910,fea4630e-beb1-4d1d-8562-9731c22d9173,North Division - Bhatia Shield,raw_a5f9b627_39ee_482d_9d0b_da17a0b19842,raw_a5f9b627_39ee_482d_9d0b_da17a0b19842,Chaitanya Raju,Chaitanya Raju,1.0,3.0,1,2,3.0,1,1,2021-07-03T22:00:00.0000000+10:00,33.333333333333336,66.66666666666667
3750296e-c0ac-4f67-ada4-9a47266c1f8a,Winter 2021,805a6aa6-ae5a-419c-912b-dd3c9fbf2910,fea4630e-beb1-4d1d-8562-9731c22d9173,North Division - Bhatia Shield,raw_b3b52283_bba3_41bc_8dea_fe249e5487b3,raw_b3b52283_bba3_41bc_8dea_fe249e5487b3,Arun Parvathyraj,Arun Parvathyraj,5.0,7.0,1,5,7.0,1,1,2021-07-03T22:00:00.0000000+10:00,71.42857142857143,71.42857142857143
3750296e-c0ac-4f67-ada4-9a47266c1f8a,Winter 2021,805a6aa6-ae5a-419c-912b-dd3c9fbf2910,fea4630e-beb1-4d1d-8562-9731c22d9173,North Division - Bhatia Shield,raw_bacb745b_1109_4ffc_b4ce_f53bf8c269ce,raw_bacb745b_1109_4ffc_b4ce_f53bf8c269ce,Syed Shabbir,Syed Shabbir,7.0,11.0,1,7,11.0,1,1,2021-07-03T22:00:00.0000000+10:00,63.63636363636363,63.63636363636363
3750296e-c0ac-4f67-ada4-9a47266c1f8a,Winter 2021,805a6aa6-ae5a-419c-912b-dd3c9fbf2910,fea4630e-beb1-4d1d-8562-9731c22d9173,North Division - Bhatia Shield,raw_d36a9234_b2b2_44a0_9fa3_3e1527aa4b1c,raw_d36a9234_b2b2_44a0_9fa3_3e1527aa4b1c,Harish Kumar,Harish Kumar,11.0,26.0,1,21,26.0,1,1,2021-07-03T22:00:00.0000000+10:00,42.30769230769231,80.76923076923077
6169f605-4b96-4f21-87c5-0862f914624f,Winter 2025,b0d2ee4c-be8f-4a75-b138-0740a52970c6,8660310e-7b12-4dce-b777-d533d35bd8ff,North Division,ashish_sharma,ashish_sharma,Ashish Sharma,Ashish Sharma,36.0,44.0,7,28,44.0,7,7,2025-07-12T12:00:00.0000000+10:00,81.81818181818181,63.63636363636363
6169f605-4b96-4f21-87c5-0862f914624f,Winter 2025,b0d2ee4c-be8f-4a75-b138-0740a52970c6,8660310e-7b12-4dce-b777-d533d35bd8ff,North Division,danny_singh,danny_singh,Danny Singh,Danny Singh,32.0,26.0,2,14,26.0,2,2,2025-06-21T12:00:00.0000000+10:00,123.07692307692308,53.84615384615385
6169f605-4b96-4f21-87c5-0862f914624f,Winter 2025,b0d2ee4c-be8f-4a75-b138-0740a52970c6,8660310e-7b12-4dce-b777-d533d35bd8ff,North Division,kieran_bhan,kieran_bhan,Kieran Bhan,Kieran Bhan,155.0,177.0,7,102,177.0,7,7,2025-07-26T12:00:00.0000000+10:00,87.57062146892656,57.6271186440678
6169f605-4b96-4f21-87c5-0862f914624f,Winter 2025,b0d2ee4c-be8f-4a75-b138-0740a52970c6,8660310e-7b12-4dce-b777-d533d35bd8ff,North Division,mayur_mohan,mayur_mohan,Mayur Mohan,Mayur Mohan,1.0,10.0,3,9,10.0,3,3,2025-07-05T12:00:00.0000000+10:00,10.0,90.0
6169f605-4b96-4f21-87c5-0862f914624f,Winter 2025,b0d2ee4c-be8f-4a75-b138-0740a52970c6,8660310e-7b12-4dce-b777-d533d35bd8ff,North Division,raw_100b60f9_15ab_4d35_9626_be4212a5d0e2,raw_100b60f9_15ab_4d35_9626_be4212a5d0e2,Rama Suravajjula,Rama Suravajjula,56.0,79.0,7,45,79.0,7,7,2025-07-26T12:00:00.0000000+10:00,70.88607594936708,56.962025316455694
6169f605-4b96-4f21-87c5-0862f914624f,Winter 2025,b0d2ee4c-be8f-4a75-b138-0740a52970c6,8660310e-7b12-4dce-b777-d533d35bd8ff,North Division,raw_360868ba_5d2a_4f9f_9f3a_fff5756f3f85,raw_360868ba_5d2a_4f9f_9f3a_fff5756f3f85,Shandil Bhan,Shandil Bhan,58.0,60.0,5,30,60.0,5,5,2025-07-26T12:00:00.0000000+10:00,96.66666666666667,50.0
6169f605-4b96-4f21-87c5-0862f914624f,Winter 2025,b0d2ee4c-be8f-4a75-b138-0740a52970c6,8660310e-7b12-4dce-b777-d533d35bd8ff,North Division,raw_400e4752_f236_4ca7_93e9_fd8ebee6735e,raw_400e4752_f236_4ca7_93e9_fd8ebee6735e,Siddhanth Chaurasiya,Siddhanth Chaurasiya,35.0,42.0,3,19,42.0,3,3,2025-05-31T12:00:00.0000000+10:00,83.33333333333333,45.23809523809524
6169f605-4b96-4f21-87c5-0862f914624f,Winter 2025,b0d2ee4c-be8f-4a75-b138-0740a52970c6,8660310e-7b12-4dce-b777-d533d35bd8ff,North Division,raw_6b74d336_b105_407c_b4ef_f68e2fba7862,raw_6b74d336_b105_407c_b4ef_f68e2fba7862,Damandeep Sehra,Damandeep Sehra,89.0,153.0,7,88,153.0,7,7,2025-07-26T12:00:00.0000000+10:00,58.169934640522875,57.51633986928105
6169f605-4b96-4f21-87c5-0862f914624f,Winter 2025,b0d2ee4c-be8f-4a75-b138-0740a52970c6,8660310e-7b12-4dce-b777-d533d35bd8ff,North Division,raw_7512873c_b6b6_49fe_80ff_3733b5abd044,raw_7512873c_b6b6_49fe_80ff_3733b5abd044,Mohaneesh Pitre,Mohaneesh Pitre,79.0,133.0,8,81,133.0,8,8,2025-07-26T12:00:00.0000000+10:00,59.3984962406015,60.902255639097746
6169f605-4b96-4f21-87c5-0862f914624f,Winter 2025,b0d2ee4c-be8f-4a75-b138-0740a52970c6,8660310e-7b12-4dce-b777-d533d35bd8ff,North Division,raw_7cccf3c2_52d5_4dfc_91c8_9664f27ac72b,raw_7cccf3c2_52d5_4dfc_91c8_9664f27ac72b,Jai Bhan,Jai Bhan,363.0,327.0,8,147,327.0,8,8,2025-07-26T12:00:00.0000000+10:00,111.0091743119266,44.95412844036697
6169f605-4b96-4f21-87c5-0862f914624f,Winter 2025,b0d2ee4c-be8f-4a75-b138-0740a52970c6,8660310e-7b12-4dce-b777-d533d35bd8ff,North Division,raw_8cc72ac1_93ab_43ad_a24f_fdcbf14da6a2,raw_8cc72ac1_93ab_43ad_a24f_fdcbf14da6a2,Kiran Tomy,Kiran Tomy,18.0,53.0,5,37,53.0,5,5,2025-07-05T12:00:00.0000000+10:00,33.9622641509434,69.81132075471699
6169f605-4b96-4f21-87c5-0862f914624f,Winter 2025,b0d2ee4c-be8f-4a75-b138-0740a52970c6,8660310e-7b12-4dce-b777-d533d35bd8ff,North Division,raw_c3a31191_6c5e_438e_9288_354845031832,raw_c3a31191_6c5e_438e_9288_354845031832,Abcin Thomas,Abcin Thomas,92.0,120.0,7,73,120.0,7,7,2025-07-26T12:00:00.0000000+10:00,76.66666666666667,60.833333333333336
6169f605-4b96-4f21-87c5-0862f914624f,Winter 2025,b0d2ee4c-be8f-4a75-b138-0740a52970c6,8660310e-7b12-4dce-b777-d533d35bd8ff,North Division,raw_cefd9f7d_2787_4b4c_9a13_4e1d0d434ff8,raw_cefd9f7d_2787_4b4c_9a13_4e1d0d434ff8,Siddhesh Jitendrabhai Vadapalli,Siddhesh Jitendrabhai Vadapalli,107.0,129.0,4,76,129.0,4,4,2025-07-12T12:00:00.0000000+10:00,82.94573643410853,58.91472868217054
6169f605-4b96-4f21-87c5-0862f914624f,Winter 2025,b0d2ee4c-be8f-4a75-b138-0740a52970c6,8660310e-7b12-4dce-b777-d533d35bd8ff,North Division,raw_d1ed36b2_499d_4b65_95a3_6f3f51177415,raw_d1ed36b2_499d_4b65_95a3_6f3f51177415,Armaan Datta,Armaan Datta,170.0,124.0,4,60,124.0,4,4,2025-07-26T12:00:00.0000000+10:00,137.09677419354838,48.38709677419355
6169f605-4b96-4f21-87c5-0862f914624f,Winter 2025,b0d2ee4c-be8f-4a75-b138-0740a52970c6,8660310e-7b12-4dce-b777-d533d35bd8ff,North Division,raw_d36a9234_b2b2_44a0_9fa3_3e1527aa4b1c,raw_d36a9234_b2b2_44a0_9fa3_3e1527aa4b1c,Harish Kumar,Harish Kumar,42.0,53.0,3,32,53.0,3,3,2025-07-26T12:00:00.0000000+10:00,79.24528301886792,60.37735849056604
6169f605-4b96-4f21-87c5-0862f914624f,Winter 2025,b0d2ee4c-be8f-4a75-b138-0740a52970c6,8660310e-7b12-4dce-b777-d533d35bd8ff,North Division,raw_f4eec6b0_c7ff_4771_b4f1_8ea5865e1186,raw_f4eec6b0_c7ff_4771_b4f1_8ea5865e1186,Akshat Bodele,Akshat Bodele,32.0,43.0,2,28,43.0,2,2,2025-07-12T12:00:00.0000000+10:00,74.4186046511628,65.11627906976744
6169f605-4b96-4f21-87c5-0862f914624f,Winter 2025,b0d2ee4c-be8f-4a75-b138-0740a52970c6,8660310e-7b12-4dce-b777-d533d35bd8ff,North Division,raw_f6dd9552_fbc5_4490_ac27_b50ff948f8f5,raw_f6dd9552_fbc5_4490_ac27_b50ff948f8f5,Priyanshu Tomar,Priyanshu Tomar,99.0,167.0,9,110,167.0,9,9,2025-07-26T12:00:00.0000000+10:00,59.2814371257485,65.86826347305389
6169f605-4b96-4f21-87c5-0862f914624f,Winter 2025,b0d2ee4c-be8f-4a75-b138-0740a52970c6,8660310e-7b12-4dce-b777-d533d35bd8ff,North Division,raw_fa1b6803_3b25_4211_b5aa_d1ea9168d018,raw_fa1b6803_3b25_4211_b5aa_d1ea9168d018,Aryan Datta,Aryan Datta,6.0,9.0,1,6,9.0,1,1,2025-07-12T12:00:00.0000000+10:00,66.66666666666667,66.66666666666667
6ee98e4e-eb86-4b50-8709-b1d163f4b312,Winter 2026,40fa65ac-11ab-4c5b-8d75-b24db55ec274,20d8b9e5-13f3-4915-af30-d99331998b9b,North Division,janaka_wijayakoon,janaka_wijayakoon,Janaka Wijayakoon,Janaka Wijayakoon,57.0,36.0,3,14,36.0,3,3,2026-05-30T12:00:00.0000000+10:00,158.33333333333334,38.888888888888886
6ee98e4e-eb86-4b50-8709-b1d163f4b312,Winter 2026,40fa65ac-11ab-4c5b-8d75-b24db55ec274,20d8b9e5-13f3-4915-af30-d99331998b9b,North Division,kieran_bhan,kieran_bhan,Kieran Bhan,Kieran Bhan,5.0,8.0,1,6,8.0,1,1,2026-05-30T12:00:00.0000000+10:00,62.5,75.0
6ee98e4e-eb86-4b50-8709-b1d163f4b312,Winter 2026,40fa65ac-11ab-4c5b-8d75-b24db55ec274,20d8b9e5-13f3-4915-af30-d99331998b9b,North Division,mayur_mohan,mayur_mohan,Mayur Mohan,Mayur Mohan,15.0,16.0,3,8,16.0,3,3,2026-05-30T12:00:00.0000000+10:00,93.75,50.0
6ee98e4e-eb86-4b50-8709-b1d163f4b312,Winter 2026,40fa65ac-11ab-4c5b-8d75-b24db55ec274,20d8b9e5-13f3-4915-af30-d99331998b9b,North Division,raw_360868ba_5d2a_4f9f_9f3a_fff5756f3f85,raw_360868ba_5d2a_4f9f_9f3a_fff5756f3f85,Shandil Bhan,Shandil Bhan,12.0,27.0,3,18,27.0,3,3,2026-05-30T12:00:00.0000000+10:00,44.44444444444444,66.66666666666667
6ee98e4e-eb86-4b50-8709-b1d163f4b312,Winter 2026,40fa65ac-11ab-4c5b-8d75-b24db55ec274,20d8b9e5-13f3-4915-af30-d99331998b9b,North Division,raw_400e4752_f236_4ca7_93e9_fd8ebee6735e,raw_400e4752_f236_4ca7_93e9_fd8ebee6735e,Siddhanth Chaurasiya,Siddhanth Chaurasiya,29.0,48.0,3,32,48.0,3,3,2026-05-30T12:00:00.0000000+10:00,60.416666666666664,66.66666666666667
6ee98e4e-eb86-4b50-8709-b1d163f4b312,Winter 2026,40fa65ac-11ab-4c5b-8d75-b24db55ec274,20d8b9e5-13f3-4915-af30-d99331998b9b,North Division,raw_71ca36a8_b853_449e_b7fd_ac601222e885,raw_71ca36a8_b853_449e_b7fd_ac601222e885,Kartik Nallepalli,Kartik Nallepalli,18.0,24.0,3,11,24.0,3,3,2026-05-30T12:00:00.0000000+10:00,75.0,45.833333333333336
6ee98e4e-eb86-4b50-8709-b1d163f4b312,Winter 2026,40fa65ac-11ab-4c5b-8d75-b24db55ec274,20d8b9e5-13f3-4915-af30-d99331998b9b,North Division,raw_7512873c_b6b6_49fe_80ff_3733b5abd044,raw_7512873c_b6b6_49fe_80ff_3733b5abd044,Mohaneesh Pitre,Mohaneesh Pitre,54.0,70.0,3,37,70.0,3,3,2026-05-30T12:00:00.0000000+10:00,77.14285714285714,52.857142857142854
6ee98e4e-eb86-4b50-8709-b1d163f4b312,Winter 2026,40fa65ac-11ab-4c5b-8d75-b24db55ec274,20d8b9e5-13f3-4915-af30-d99331998b9b,North Division,raw_7cccf3c2_52d5_4dfc_91c8_9664f27ac72b,raw_7cccf3c2_52d5_4dfc_91c8_9664f27ac72b,Jai Bhan,Jai Bhan,157.0,136.0,4,62,136.0,4,4,2026-05-30T12:00:00.0000000+10:00,115.44117647058823,45.588235294117645
6ee98e4e-eb86-4b50-8709-b1d163f4b312,Winter 2026,40fa65ac-11ab-4c5b-8d75-b24db55ec274,20d8b9e5-13f3-4915-af30-d99331998b9b,North Division,raw_9070b54a_0677_4338_8bc3_bb7ca2aa65b8,raw_9070b54a_0677_4338_8bc3_bb7ca2aa65b8,Anurag Joshi,Anurag Joshi,3.0,5.0,1,4,5.0,1,1,2026-05-02T12:00:00.0000000+10:00,60.0,80.0
6ee98e4e-eb86-4b50-8709-b1d163f4b312,Winter 2026,40fa65ac-11ab-4c5b-8d75-b24db55ec274,20d8b9e5-13f3-4915-af30-d99331998b9b,North Division,raw_c3a31191_6c5e_438e_9288_354845031832,raw_c3a31191_6c5e_438e_9288_354845031832,Abcin Thomas,Abcin Thomas,36.0,53.0,2,35,53.0,2,2,2026-05-23T12:00:00.0000000+10:00,67.9245283018868,66.0377358490566
6ee98e4e-eb86-4b50-8709-b1d163f4b312,Winter 2026,40fa65ac-11ab-4c5b-8d75-b24db55ec274,20d8b9e5-13f3-4915-af30-d99331998b9b,North Division,raw_d1ed36b2_499d_4b65_95a3_6f3f51177415,raw_d1ed36b2_499d_4b65_95a3_6f3f51177415,Armaan Datta,Armaan Datta,251.0,121.0,4,40,121.0,4,4,2026-05-30T12:00:00.0000000+10:00,207.43801652892563,33.05785123966942
6ee98e4e-eb86-4b50-8709-b1d163f4b312,Winter 2026,40fa65ac-11ab-4c5b-8d75-b24db55ec274,20d8b9e5-13f3-4915-af30-d99331998b9b,North Division,raw_e76d9035_6b7f_48f7_8b69_e8b983e82080,raw_e76d9035_6b7f_48f7_8b69_e8b983e82080,Jayasuriya Sathiaseelan,Jayasuriya Sathiaseelan,18.0,24.0,3,11,24.0,3,3,2026-05-30T12:00:00.0000000+10:00,75.0,45.833333333333336
6ee98e4e-eb86-4b50-8709-b1d163f4b312,Winter 2026,40fa65ac-11ab-4c5b-8d75-b24db55ec274,20d8b9e5-13f3-4915-af30-d99331998b9b,North Division,raw_f6dd9552_fbc5_4490_ac27_b50ff948f8f5,raw_f6dd9552_fbc5_4490_ac27_b50ff948f8f5,Priyanshu Tomar,Priyanshu Tomar,76.0,110.0,4,72,110.0,4,4,2026-05-30T12:00:00.0000000+10:00,69.0909090909091,65.45454545454545
6ee98e4e-eb86-4b50-8709-b1d163f4b312,Winter 2026,40fa65ac-11ab-4c5b-8d75-b24db55ec274,20d8b9e5-13f3-4915-af30-d99331998b9b,North Division,vinay_sharma,vinay_sharma,Vinay Sharma,Vinay Sharma,82.0,67.0,3,25,67.0,3,3,2026-05-23T12:00:00.0000000+10:00,122.38805970149254,37.3134328358209
a826b403-b813-4318-9805-5bbe4cf7f238,Summer 2025/26,279aa49f-e6a9-4085-9db7-098edac9c90e,33a387a3-4ddd-4a66-9041-9d95772e9358,"05 - ""C"" Grade",ashish_sharma,ashish_sharma,Ashish Sharma,Ashish Sharma,41.0,76.0,4,53,76.0,4,4,2026-01-31T12:30:00.0000000+11:00,53.94736842105263,69.73684210526316
a826b403-b813-4318-9805-5bbe4cf7f238,Summer 2025/26,279aa49f-e6a9-4085-9db7-098edac9c90e,33a387a3-4ddd-4a66-9041-9d95772e9358,"05 - ""C"" Grade",deepak_sharma,deepak_sharma,Deepak Sharma,Deepak Sharma,0.0,5.0,1,5,5.0,1,1,2025-10-18T12:30:00.0000000+11:00,0.0,100.0
a826b403-b813-4318-9805-5bbe4cf7f238,Summer 2025/26,279aa49f-e6a9-4085-9db7-098edac9c90e,33a387a3-4ddd-4a66-9041-9d95772e9358,"05 - ""C"" Grade",feroz_hassan,feroz_hassan,Feroz Hassan,Feroz Hassan,17.0,58.0,4,46,58.0,4,4,2026-01-31T12:30:00.0000000+11:00,29.310344827586206,79.3103448275862
a826b403-b813-4318-9805-5bbe4cf7f238,Summer 2025/26,279aa49f-e6a9-4085-9db7-098edac9c90e,33a387a3-4ddd-4a66-9041-9d95772e9358,"05 - ""C"" Grade",mayur_mohan,mayur_mohan,Mayur Mohan,Mayur Mohan,11.0,19.0,3,12,19.0,3,3,2026-01-31T12:30:00.0000000+11:00,57.89473684210526,63.1578947368421
a826b403-b813-4318-9805-5bbe4cf7f238,Summer 2025/26,279aa49f-e6a9-4085-9db7-098edac9c90e,33a387a3-4ddd-4a66-9041-9d95772e9358,"05 - ""C"" Grade",predheesh_valayil_sivanandan,predheesh_valayil_sivanandan,Predheesh Valayil Sivanandan,Predheesh Valayil Sivanandan,54.0,42.0,1,15,42.0,1,1,2025-12-13T12:30:00.0000000+11:00,128.57142857142858,35.714285714285715
a826b403-b813-4318-9805-5bbe4cf7f238,Summer 2025/26,279aa49f-e6a9-4085-9db7-098edac9c90e,33a387a3-4ddd-4a66-9041-9d95772e9358,"05 - ""C"" Grade",ravi_chowdary,ravi_chowdary,Ravi Chowdary,Ravi Chowdary,0.0,1.0,1,1,1.0,1,1,2026-01-31T12:30:00.0000000+11:00,0.0,100.0
a826b403-b813-4318-9805-5bbe4cf7f238,Summer 2025/26,279aa49f-e6a9-4085-9db7-098edac9c90e,33a387a3-4ddd-4a66-9041-9d95772e9358,"05 - ""C"" Grade",raw_00000000_0000_0000_0000_000000000001,raw_00000000_0000_0000_0000_000000000001,********,********,22.0,56.0,4,41,56.0,4,4,2026-01-31T12:30:00.0000000+11:00,39.285714285714285,73.21428571428571
a826b403-b813-4318-9805-5bbe4cf7f238,Summer 2025/26,279aa49f-e6a9-4085-9db7-098edac9c90e,33a387a3-4ddd-4a66-9041-9d95772e9358,"05 - ""C"" Grade",raw_00000000_0000_0000_0000_000000000002,raw_00000000_0000_0000_0000_000000000002,********,********,9.0,37.0,3,31,37.0,3,3,2026-01-31T12:30:00.0000000+11:00,24.324324324324323,83.78378378378379
a826b403-b813-4318-9805-5bbe4cf7f238,Summer 2025/26,279aa49f-e6a9-4085-9db7-098edac9c90e,33a387a3-4ddd-4a66-9041-9d95772e9358,"05 - ""C"" Grade",raw_00000000_0000_0000_0000_000000000003,raw_00000000_0000_0000_0000_000000000003,********,********,15.0,14.0,1,7,14.0,1,1,2025-12-06T12:30:00.0000000+11:00,107.14285714285714,50.0
a826b403-b813-4318-9805-5bbe4cf7f238,Summer 2025/26,279aa49f-e6a9-4085-9db7-098edac9c90e,33a387a3-4ddd-4a66-9041-9d95772e9358,"05 - ""C"" Grade",raw_05220db1_794d_452c_b921_2eb60d032d21,raw_05220db1_794d_452c_b921_2eb60d032d21,Chinni Raja Ammela,Chinni Raja Ammela,8.0,10.0,1,6,10.0,1,1,2026-01-31T12:30:00.0000000+11:00,80.0,60.0
a826b403-b813-4318-9805-5bbe4cf7f238,Summer 2025/26,279aa49f-e6a9-4085-9db7-098edac9c90e,33a387a3-4ddd-4a66-9041-9d95772e9358,"05 - ""C"" Grade",raw_17d58ef7_cae1_444e_adba_71c74067872b,raw_17d58ef7_cae1_444e_adba_71c74067872b,Prasad Rahate,Prasad Rahate,55.0,90.0,1,58,90.0,1,1,2025-11-15T12:30:00.0000000+11:00,61.111111111111114,64.44444444444444
a826b403-b813-4318-9805-5bbe4cf7f238,Summer 2025/26,279aa49f-e6a9-4085-9db7-098edac9c90e,33a387a3-4ddd-4a66-9041-9d95772e9358,"05 - ""C"" Grade",raw_1876a444_275e_4ae9_92aa_1eebf5760833,raw_1876a444_275e_4ae9_92aa_1eebf5760833,Syedzainulla Abedin,Syedzainulla Abedin,4.0,2.0,1,1,2.0,1,1,2025-10-18T12:30:00.0000000+11:00,200.0,50.0
a826b403-b813-4318-9805-5bbe4cf7f238,Summer 2025/26,279aa49f-e6a9-4085-9db7-098edac9c90e,33a387a3-4ddd-4a66-9041-9d95772e9358,"05 - ""C"" Grade",raw_4c9e3082_4034_4e6d_9142_5a76549bd6be,raw_4c9e3082_4034_4e6d_9142_5a76549bd6be,Mohammed Adnanuddin,Mohammed Adnanuddin,1.0,34.0,5,33,34.0,5,5,2026-01-31T12:30:00.0000000+11:00,2.9411764705882355,97.05882352941177
a826b403-b813-4318-9805-5bbe4cf7f238,Summer 2025/26,279aa49f-e6a9-4085-9db7-098edac9c90e,33a387a3-4ddd-4a66-9041-9d95772e9358,"05 - ""C"" Grade",raw_5575e7b8_ffb7_4ff9_bff5_aa8f31d21c5f,raw_5575e7b8_ffb7_4ff9_bff5_aa8f31d21c5f,Shubham Arora,Shubham Arora,56.0,127.0,4,103,127.0,4,4,2025-12-13T12:30:00.0000000+11:00,44.09448818897638,81.10236220472441
a826b403-b813-4318-9805-5bbe4cf7f238,Summer 2025/26,279aa49f-e6a9-4085-9db7-098edac9c90e,33a387a3-4ddd-4a66-9041-9d95772e9358,"05 - ""C"" Grade",raw_661bdd19_e67a_4978_a255_36e16789ab1f,raw_661bdd19_e67a_4978_a255_36e16789ab1f,Nitin Tanwar,Nitin Tanwar,25.0,64.0,1,51,64.0,1,1,2025-11-15T12:30:00.0000000+11:00,39.0625,79.6875
a826b403-b813-4318-9805-5bbe4cf7f238,Summer 2025/26,279aa49f-e6a9-4085-9db7-098edac9c90e,33a387a3-4ddd-4a66-9041-9d95772e9358,"05 - ""C"" Grade",raw_68ac86a9_b0a2_4dfe_9c94_f8e2d566269b,raw_68ac86a9_b0a2_4dfe_9c94_f8e2d566269b,Kavish Gambhir,Kavish Gambhir,82.0,95.0,2,50,95.0,2,2,2026-01-31T12:30:00.0000000+11:00,86.3157894736842,52.63157894736842
a826b403-b813-4318-9805-5bbe4cf7f238,Summer 2025/26,279aa49f-e6a9-4085-9db7-098edac9c90e,33a387a3-4ddd-4a66-9041-9d95772e9358,"05 - ""C"" Grade",raw_7512873c_b6b6_49fe_80ff_3733b5abd044,raw_7512873c_b6b6_49fe_80ff_3733b5abd044,Mohaneesh Pitre,Mohaneesh Pitre,23.0,74.0,4,56,74.0,4,4,2026-01-31T12:30:00.0000000+11:00,31.08108108108108,75.67567567567568
a826b403-b813-4318-9805-5bbe4cf7f238,Summer 2025/26,279aa49f-e6a9-4085-9db7-098edac9c90e,33a387a3-4ddd-4a66-9041-9d95772e9358,"05 - ""C"" Grade",raw_8a856bda_2a2c_416f_948f_f80829c83646,raw_8a856bda_2a2c_416f_948f_f80829c83646,Padmanabhan Srinivasan,Padmanabhan Srinivasan,2.0,9.0,3,7,9.0,3,3,2025-12-13T12:30:00.0000000+11:00,22.22222222222222,77.77777777777777
a826b403-b813-4318-9805-5bbe4cf7f238,Summer 2025/26,279aa49f-e6a9-4085-9db7-098edac9c90e,33a387a3-4ddd-4a66-9041-9d95772e9358,"05 - ""C"" Grade",raw_8d406a25_db4b_4b64_b592_84d73e3ad834,raw_8d406a25_db4b_4b64_b592_84d73e3ad834,Sainath Jamsandekar,Sainath Jamsandekar,2.0,5.0,1,3,5.0,1,1,2026-01-31T12:30:00.0000000+11:00,40.0,60.0
a826b403-b813-4318-9805-5bbe4cf7f238,Summer 2025/26,279aa49f-e6a9-4085-9db7-098edac9c90e,33a387a3-4ddd-4a66-9041-9d95772e9358,"05 - ""C"" Grade",raw_a0711994_f960_4c71_bea5_c9dd9f3edd83,raw_a0711994_f960_4c71_bea5_c9dd9f3edd83,Bikash Naik,Bikash Naik,9.0,36.0,2,31,36.0,2,2,2025-11-15T12:30:00.0000000+11:00,25.0,86.11111111111111
a826b403-b813-4318-9805-5bbe4cf7f238,Summer 2025/26,279aa49f-e6a9-4085-9db7-098edac9c90e,33a387a3-4ddd-4a66-9041-9d95772e9358,"05 - ""C"" Grade",raw_cefd9f7d_2787_4b4c_9a13_4e1d0d434ff8,raw_cefd9f7d_2787_4b4c_9a13_4e1d0d434ff8,Siddhesh Jitendrabhai Vadapalli,Siddhesh Jitendrabhai Vadapalli,9.0,22.0,1,18,22.0,1,1,2025-10-18T12:30:00.0000000+11:00,40.90909090909091,81.81818181818181
a826b403-b813-4318-9805-5bbe4cf7f238,Summer 2025/26,279aa49f-e6a9-4085-9db7-098edac9c90e,33a387a3-4ddd-4a66-9041-9d95772e9358,"05 - ""C"" Grade",wajhi_syed,wajhi_syed,Wajhi Syed,Wajhi Syed,2.0,8.0,1,7,8.0,1,1,2025-11-15T12:30:00.0000000+11:00,25.0,87.5
a826b403-b813-4318-9805-5bbe4cf7f238,Summer 2025/26,c3859c82-3451-460a-a8af-f55240f3fec9,a269e7f1-2dd7-41e1-aeaa-158faa6dfccd,"04 - ""B"" Grade",faraz_khan,faraz_khan,Faraz Khan,Faraz Khan,34.0,66.0,4,50,66.0,4,4,2026-02-07T12:30:00.0000000+11:00,51.515151515151516,75.75757575757575
a826b403-b813-4318-9805-5bbe4cf7f238,Summer 2025/26,c3859c82-3451-460a-a8af-f55240f3fec9,a269e7f1-2dd7-41e1-aeaa-158faa6dfccd,"04 - ""B"" Grade",raw_00000000_0000_0000_0000_000000000001,raw_00000000_0000_0000_0000_000000000001,********,********,6.0,21.0,1,19,21.0,1,1,2025-11-15T12:30:00.0000000+11:00,28.571428571428573,90.47619047619048
a826b403-b813-4318-9805-5bbe4cf7f238,Summer 2025/26,c3859c82-3451-460a-a8af-f55240f3fec9,a269e7f1-2dd7-41e1-aeaa-158faa6dfccd,"04 - ""B"" Grade",raw_05220db1_794d_452c_b921_2eb60d032d21,raw_05220db1_794d_452c_b921_2eb60d032d21,Chinni Raja Ammela,Chinni Raja Ammela,23.0,30.0,2,20,30.0,2,2,2026-01-17T12:30:00.0000000+11:00,76.66666666666667,66.66666666666667
a826b403-b813-4318-9805-5bbe4cf7f238,Summer 2025/26,c3859c82-3451-460a-a8af-f55240f3fec9,a269e7f1-2dd7-41e1-aeaa-158faa6dfccd,"04 - ""B"" Grade",raw_0ceda279_1aad_42cd_a342_75c5faf3ad14,raw_0ceda279_1aad_42cd_a342_75c5faf3ad14,Vineeth Yamani,Vineeth Yamani,2.0,32.0,2,31,32.0,2,2,2025-11-15T12:30:00.0000000+11:00,6.25,96.875
a826b403-b813-4318-9805-5bbe4cf7f238,Summer 2025/26,c3859c82-3451-460a-a8af-f55240f3fec9,a269e7f1-2dd7-41e1-aeaa-158faa6dfccd,"04 - ""B"" Grade",raw_17d58ef7_cae1_444e_adba_71c74067872b,raw_17d58ef7_cae1_444e_adba_71c74067872b,Prasad Rahate,Prasad Rahate,29.0,43.0,4,30,43.0,4,4,2026-03-14T12:30:00.0000000+11:00,67.44186046511628,69.76744186046511
a826b403-b813-4318-9805-5bbe4cf7f238,Summer 2025/26,c3859c82-3451-460a-a8af-f55240f3fec9,a269e7f1-2dd7-41e1-aeaa-158faa6dfccd,"04 - ""B"" Grade",raw_232cc042_1e4c_423a_9190_e3432698c99d,raw_232cc042_1e4c_423a_9190_e3432698c99d,Reuben Sharan,Reuben Sharan,137.0,301.0,7,224,301.0,7,7,2026-03-14T12:30:00.0000000+11:00,45.51495016611295,74.4186046511628
a826b403-b813-4318-9805-5bbe4cf7f238,Summer 2025/26,c3859c82-3451-460a-a8af-f55240f3fec9,a269e7f1-2dd7-41e1-aeaa-158faa6dfccd,"04 - ""B"" Grade",raw_242a967d_4a20_4cc8_9a32_bf2121ad6d26,raw_242a967d_4a20_4cc8_9a32_bf2121ad6d26,Kunwardeep Bedi,Kunwardeep Bedi,112.0,156.0,8,89,156.0,8,8,2026-03-14T12:30:00.0000000+11:00,71.7948717948718,57.05128205128205
a826b403-b813-4318-9805-5bbe4cf7f238,Summer 2025/26,c3859c82-3451-460a-a8af-f55240f3fec9,a269e7f1-2dd7-41e1-aeaa-158faa6dfccd,"04 - ""B"" Grade",raw_400e4752_f236_4ca7_93e9_fd8ebee6735e,raw_400e4752_f236_4ca7_93e9_fd8ebee6735e,Siddhanth Chaurasiya,Siddhanth Chaurasiya,61.0,104.0,8,74,104.0,8,8,2026-03-14T12:30:00.0000000+11:00,58.65384615384615,71.15384615384616
a826b403-b813-4318-9805-5bbe4cf7f238,Summer 2025/26,c3859c82-3451-460a-a8af-f55240f3fec9,a269e7f1-2dd7-41e1-aeaa-158faa6dfccd,"04 - ""B"" Grade",raw_643f54d7_4a3b_4c87_bf4c_b5d277365b72,raw_643f54d7_4a3b_4c87_bf4c_b5d277365b72,Sohail Ahmed,Sohail Ahmed,15.0,12.0,1,8,12.0,1,1,2025-10-18T12:30:00.0000000+11:00,125.0,66.66666666666667
a826b403-b813-4318-9805-5bbe4cf7f238,Summer 2025/26,c3859c82-3451-460a-a8af-f55240f3fec9,a269e7f1-2dd7-41e1-aeaa-158faa6dfccd,"04 - ""B"" Grade",raw_661bdd19_e67a_4978_a255_36e16789ab1f,raw_661bdd19_e67a_4978_a255_36e16789ab1f,Nitin Tanwar,Nitin Tanwar,57.0,105.0,4,78,105.0,4,4,2026-03-14T12:30:00.0000000+11:00,54.285714285714285,74.28571428571429
a826b403-b813-4318-9805-5bbe4cf7f238,Summer 2025/26,c3859c82-3451-460a-a8af-f55240f3fec9,a269e7f1-2dd7-41e1-aeaa-158faa6dfccd,"04 - ""B"" Grade",raw_68ac86a9_b0a2_4dfe_9c94_f8e2d566269b,raw_68ac86a9_b0a2_4dfe_9c94_f8e2d566269b,Kavish Gambhir,Kavish Gambhir,2.0,5.0,1,3,5.0,1,1,2025-10-18T12:30:00.0000000+11:00,40.0,60.0
a826b403-b813-4318-9805-5bbe4cf7f238,Summer 2025/26,c3859c82-3451-460a-a8af-f55240f3fec9,a269e7f1-2dd7-41e1-aeaa-158faa6dfccd,"04 - ""B"" Grade",raw_6b74d336_b105_407c_b4ef_f68e2fba7862,raw_6b74d336_b105_407c_b4ef_f68e2fba7862,Damandeep Sehra,Damandeep Sehra,34.0,143.0,3,116,143.0,3,3,2026-03-14T12:30:00.0000000+11:00,23.776223776223777,81.11888111888112
a826b403-b813-4318-9805-5bbe4cf7f238,Summer 2025/26,c3859c82-3451-460a-a8af-f55240f3fec9,a269e7f1-2dd7-41e1-aeaa-158faa6dfccd,"04 - ""B"" Grade",raw_71ca36a8_b853_449e_b7fd_ac601222e885,raw_71ca36a8_b853_449e_b7fd_ac601222e885,Kartik Nallepalli,Kartik Nallepalli,4.0,7.0,2,5,7.0,2,2,2026-02-21T12:30:00.0000000+11:00,57.142857142857146,71.42857142857143
a826b403-b813-4318-9805-5bbe4cf7f238,Summer 2025/26,c3859c82-3451-460a-a8af-f55240f3fec9,a269e7f1-2dd7-41e1-aeaa-158faa6dfccd,"04 - ""B"" Grade",raw_7512873c_b6b6_49fe_80ff_3733b5abd044,raw_7512873c_b6b6_49fe_80ff_3733b5abd044,Mohaneesh Pitre,Mohaneesh Pitre,29.0,78.0,2,63,78.0,2,2,2026-03-14T12:30:00.0000000+11:00,37.17948717948718,80.76923076923077
a826b403-b813-4318-9805-5bbe4cf7f238,Summer 2025/26,c3859c82-3451-460a-a8af-f55240f3fec9,a269e7f1-2dd7-41e1-aeaa-158faa6dfccd,"04 - ""B"" Grade",raw_cefd9f7d_2787_4b4c_9a13_4e1d0d434ff8,raw_cefd9f7d_2787_4b4c_9a13_4e1d0d434ff8,Siddhesh Jitendrabhai Vadapalli,Siddhesh Jitendrabhai Vadapalli,17.0,30.0,1,23,30.0,1,1,2026-02-21T12:30:00.0000000+11:00,56.666666666666664,76.66666666666667
a826b403-b813-4318-9805-5bbe4cf7f238,Summer 2025/26,c3859c82-3451-460a-a8af-f55240f3fec9,a269e7f1-2dd7-41e1-aeaa-158faa6dfccd,"04 - ""B"" Grade",raw_e5bc75aa_b94d_482e_b9f0_df9828edd3ff,raw_e5bc75aa_b94d_482e_b9f0_df9828edd3ff,Ved Patel,Ved Patel,3.0,34.0,1,32,34.0,1,1,2026-03-07T12:30:00.0000000+11:00,8.823529411764707,94.11764705882354
a826b403-b813-4318-9805-5bbe4cf7f238,Summer 2025/26,c3859c82-3451-460a-a8af-f55240f3fec9,a269e7f1-2dd7-41e1-aeaa-158faa6dfccd,"04 - ""B"" Grade",raw_e76d9035_6b7f_48f7_8b69_e8b983e82080,raw_e76d9035_6b7f_48f7_8b69_e8b983e82080,Jayasuriya Sathiaseelan,Jayasuriya Sathiaseelan,14.0,47.0,4,36,47.0,4,4,2026-03-14T12:30:00.0000000+11:00,29.78723404255319,76.59574468085107
a826b403-b813-4318-9805-5bbe4cf7f238,Summer 2025/26,c3859c82-3451-460a-a8af-f55240f3fec9,a269e7f1-2dd7-41e1-aeaa-158faa6dfccd,"04 - ""B"" Grade",raw_f6dd9552_fbc5_4490_ac27_b50ff948f8f5,raw_f6dd9552_fbc5_4490_ac27_b50ff948f8f5,Priyanshu Tomar,Priyanshu Tomar,75.0,105.0,2,71,105.0,2,2,2026-03-14T12:30:00.0000000+11:00,71.42857142857143,67.61904761904762
a826b403-b813-4318-9805-5bbe4cf7f238,Summer 2025/26,c3859c82-3451-460a-a8af-f55240f3fec9,a269e7f1-2dd7-41e1-aeaa-158faa6dfccd,"04 - ""B"" Grade",sandeep_gill,sandeep_gill,Sandeep Gill,Sandeep Gill,32.0,52.0,4,30,52.0,4,4,2026-03-14T12:30:00.0000000+11:00,61.53846153846154,57.69230769230769
a826b403-b813-4318-9805-5bbe4cf7f238,Summer 2025/26,c3859c82-3451-460a-a8af-f55240f3fec9,a269e7f1-2dd7-41e1-aeaa-158faa6dfccd,"04 - ""B"" Grade",shrikant_sharma,shrikant_sharma,Shrikant Sharma,Shrikant Sharma,65.0,78.0,7,53,78.0,7,7,2026-03-14T12:30:00.0000000+11:00,83.33333333333333,67.94871794871794
a826b403-b813-4318-9805-5bbe4cf7f238,Summer 2025/26,c3859c82-3451-460a-a8af-f55240f3fec9,a269e7f1-2dd7-41e1-aeaa-158faa6dfccd,"04 - ""B"" Grade",vinay_sharma,vinay_sharma,Vinay Sharma,Vinay Sharma,33.0,30.0,1,21,30.0,1,1,2025-10-18T12:30:00.0000000+11:00,110.0,70.0
a826b403-b813-4318-9805-5bbe4cf7f238,Summer 2025/26,c3859c82-3451-460a-a8af-f55240f3fec9,a269e7f1-2dd7-41e1-aeaa-158faa6dfccd,"04 - ""B"" Grade",vinit_naidu,vinit_naidu,Vinit Naidu,Vinit Naidu,33.0,26.0,1,14,26.0,1,1,2025-11-15T12:30:00.0000000+11:00,126.92307692307692,53.84615384615385
a826b403-b813-4318-9805-5bbe4cf7f238,Summer 2025/26,c3859c82-3451-460a-a8af-f55240f3fec9,a269e7f1-2dd7-41e1-aeaa-158faa6dfccd,"04 - ""B"" Grade",vishnu_para,vishnu_para,Vishnu Para,Vishnu Para,33.0,37.0,1,19,37.0,1,1,2026-03-07T12:30:00.0000000+11:00,89.1891891891892,51.351351351351354
a826b403-b813-4318-9805-5bbe4cf7f238,Summer 2025/26,c3859c82-3451-460a-a8af-f55240f3fec9,a269e7f1-2dd7-41e1-aeaa-158faa6dfccd,"04 - ""B"" Grade",wajhi_syed,wajhi_syed,Wajhi Syed,Wajhi Syed,21.0,58.0,2,45,58.0,2,2,2026-03-07T12:30:00.0000000+11:00,36.206896551724135,77.58620689655173
a826b403-b813-4318-9805-5bbe4cf7f238,Summer 2025/26,dbf37f51-e5af-454c-85da-840c3368e59d,36c6ec7d-6993-4402-8461-c355a5deade4,02 - Jack Quick Shield,danny_singh,danny_singh,Danny Singh,Danny Singh,189.0,317.0,12,218,317.0,12,12,2026-03-21T12:30:00.0000000+11:00,59.62145110410095,68.76971608832808
a826b403-b813-4318-9805-5bbe4cf7f238,Summer 2025/26,dbf37f51-e5af-454c-85da-840c3368e59d,36c6ec7d-6993-4402-8461-c355a5deade4,02 - Jack Quick Shield,janaka_wijayakoon,janaka_wijayakoon,Janaka Wijayakoon,Janaka Wijayakoon,24.0,20.0,3,9,20.0,3,3,2026-02-07T12:30:00.0000000+11:00,120.0,45.0
a826b403-b813-4318-9805-5bbe4cf7f238,Summer 2025/26,dbf37f51-e5af-454c-85da-840c3368e59d,36c6ec7d-6993-4402-8461-c355a5deade4,02 - Jack Quick Shield,jimmy_sharma,jimmy_sharma,Jimmy Sharma,Jimmy Sharma,126.0,211.0,8,146,211.0,8,8,2026-03-21T12:30:00.0000000+11:00,59.71563981042654,69.19431279620854
a826b403-b813-4318-9805-5bbe4cf7f238,Summer 2025/26,dbf37f51-e5af-454c-85da-840c3368e59d,36c6ec7d-6993-4402-8461-c355a5deade4,02 - Jack Quick Shield,kalpeshkumar_patel,kalpeshkumar_patel,Kalpeshkumar Patel,Kalpeshkumar Patel,109.0,102.0,3,52,102.0,3,3,2026-02-21T12:30:00.0000000+11:00,106.86274509803921,50.98039215686274
a826b403-b813-4318-9805-5bbe4cf7f238,Summer 2025/26,dbf37f51-e5af-454c-85da-840c3368e59d,36c6ec7d-6993-4402-8461-c355a5deade4,02 - Jack Quick Shield,kieran_bhan,kieran_bhan,Kieran Bhan,Kieran Bhan,116.0,105.0,3,65,105.0,3,3,2026-03-21T12:30:00.0000000+11:00,110.47619047619048,61.904761904761905
a826b403-b813-4318-9805-5bbe4cf7f238,Summer 2025/26,dbf37f51-e5af-454c-85da-840c3368e59d,36c6ec7d-6993-4402-8461-c355a5deade4,02 - Jack Quick Shield,predheesh_valayil_sivanandan,predheesh_valayil_sivanandan,Predheesh Valayil Sivanandan,Predheesh Valayil Sivanandan,7.0,6.0,1,2,6.0,1,1,2025-12-20T12:30:00.0000000+11:00,116.66666666666667,33.333333333333336
a826b403-b813-4318-9805-5bbe4cf7f238,Summer 2025/26,dbf37f51-e5af-454c-85da-840c3368e59d,36c6ec7d-6993-4402-8461-c355a5deade4,02 - Jack Quick Shield,raw_162cce2f_a5bb_451f_ab68_d7a037f018ee,raw_162cce2f_a5bb_451f_ab68_d7a037f018ee,Benjamin Frew,Benjamin Frew,143.0,152.0,6,97,152.0,6,6,2026-03-21T12:30:00.0000000+11:00,94.07894736842105,63.81578947368421
a826b403-b813-4318-9805-5bbe4cf7f238,Summer 2025/26,dbf37f51-e5af-454c-85da-840c3368e59d,36c6ec7d-6993-4402-8461-c355a5deade4,02 - Jack Quick Shield,raw_17d58ef7_cae1_444e_adba_71c74067872b,raw_17d58ef7_cae1_444e_adba_71c74067872b,Prasad Rahate,Prasad Rahate,2.0,3.0,1,2,3.0,1,1,2025-10-18T12:30:00.0000000+11:00,66.66666666666667,66.66666666666667
a826b403-b813-4318-9805-5bbe4cf7f238,Summer 2025/26,dbf37f51-e5af-454c-85da-840c3368e59d,36c6ec7d-6993-4402-8461-c355a5deade4,02 - Jack Quick Shield,raw_232cc042_1e4c_423a_9190_e3432698c99d,raw_232cc042_1e4c_423a_9190_e3432698c99d,Reuben Sharan,Reuben Sharan,39.0,58.0,3,36,58.0,3,3,2025-11-01T12:30:00.0000000+11:00,67.24137931034483,62.06896551724138
a826b403-b813-4318-9805-5bbe4cf7f238,Summer 2025/26,dbf37f51-e5af-454c-85da-840c3368e59d,36c6ec7d-6993-4402-8461-c355a5deade4,02 - Jack Quick Shield,raw_360868ba_5d2a_4f9f_9f3a_fff5756f3f85,raw_360868ba_5d2a_4f9f_9f3a_fff5756f3f85,Shandil Bhan,Shandil Bhan,84.0,93.0,2,53,93.0,2,2,2026-01-31T12:30:00.0000000+11:00,90.3225806451613,56.98924731182796
a826b403-b813-4318-9805-5bbe4cf7f238,Summer 2025/26,dbf37f51-e5af-454c-85da-840c3368e59d,36c6ec7d-6993-4402-8461-c355a5deade4,02 - Jack Quick Shield,raw_400e4752_f236_4ca7_93e9_fd8ebee6735e,raw_400e4752_f236_4ca7_93e9_fd8ebee6735e,Siddhanth Chaurasiya,Siddhanth Chaurasiya,16.0,24.0,2,18,24.0,2,2,2025-11-01T12:30:00.0000000+11:00,66.66666666666667,75.0
a826b403-b813-4318-9805-5bbe4cf7f238,Summer 2025/26,dbf37f51-e5af-454c-85da-840c3368e59d,36c6ec7d-6993-4402-8461-c355a5deade4,02 - Jack Quick Shield,raw_643f54d7_4a3b_4c87_bf4c_b5d277365b72,raw_643f54d7_4a3b_4c87_bf4c_b5d277365b72,Sohail Ahmed,Sohail Ahmed,51.0,108.0,7,84,108.0,7,7,2026-03-21T12:30:00.0000000+11:00,47.22222222222222,77.77777777777777
a826b403-b813-4318-9805-5bbe4cf7f238,Summer 2025/26,dbf37f51-e5af-454c-85da-840c3368e59d,36c6ec7d-6993-4402-8461-c355a5deade4,02 - Jack Quick Shield,raw_6b74d336_b105_407c_b4ef_f68e2fba7862,raw_6b74d336_b105_407c_b4ef_f68e2fba7862,Damandeep Sehra,Damandeep Sehra,48.0,65.0,2,47,65.0,2,2,2026-01-24T12:30:00.0000000+11:00,73.84615384615384,72.3076923076923
a826b403-b813-4318-9805-5bbe4cf7f238,Summer 2025/26,dbf37f51-e5af-454c-85da-840c3368e59d,36c6ec7d-6993-4402-8461-c355a5deade4,02 - Jack Quick Shield,raw_71ca36a8_b853_449e_b7fd_ac601222e885,raw_71ca36a8_b853_449e_b7fd_ac601222e885,Kartik Nallepalli,Kartik Nallepalli,6.0,10.0,1,7,10.0,1,1,2026-01-10T12:30:00.0000000+11:00,60.0,70.0
a826b403-b813-4318-9805-5bbe4cf7f238,Summer 2025/26,dbf37f51-e5af-454c-85da-840c3368e59d,36c6ec7d-6993-4402-8461-c355a5deade4,02 - Jack Quick Shield,raw_7512873c_b6b6_49fe_80ff_3733b5abd044,raw_7512873c_b6b6_49fe_80ff_3733b5abd044,Mohaneesh Pitre,Mohaneesh Pitre,6.0,17.0,1,15,17.0,1,1,2025-10-11T12:30:00.0000000+11:00,35.294117647058826,88.23529411764706
a826b403-b813-4318-9805-5bbe4cf7f238,Summer 2025/26,dbf37f51-e5af-454c-85da-840c3368e59d,36c6ec7d-6993-4402-8461-c355a5deade4,02 - Jack Quick Shield,raw_7b43011a_eb05_448f_93c9_644481721a69,raw_7b43011a_eb05_448f_93c9_644481721a69,Jude Mendiz,Jude Mendiz,0.0,8.0,1,8,8.0,1,1,2026-02-21T12:30:00.0000000+11:00,0.0,100.0
a826b403-b813-4318-9805-5bbe4cf7f238,Summer 2025/26,dbf37f51-e5af-454c-85da-840c3368e59d,36c6ec7d-6993-4402-8461-c355a5deade4,02 - Jack Quick Shield,raw_ab033f7b_82e2_4044_b0cb_9024cf56db51,raw_ab033f7b_82e2_4044_b0cb_9024cf56db51,Reuel Sharan,Reuel Sharan,324.0,517.0,12,371,517.0,12,12,2026-03-21T12:30:00.0000000+11:00,62.66924564796905,71.76015473887814
a826b403-b813-4318-9805-5bbe4cf7f238,Summer 2025/26,dbf37f51-e5af-454c-85da-840c3368e59d,36c6ec7d-6993-4402-8461-c355a5deade4,02 - Jack Quick Shield,raw_bd3267a9_62a4_4ef6_9c96_ca89ef724e76,raw_bd3267a9_62a4_4ef6_9c96_ca89ef724e76,Santhosh Kumar Chappidi,Santhosh Kumar Chappidi,8.0,38.0,5,32,38.0,5,5,2026-03-21T12:30:00.0000000+11:00,21.05263157894737,84.21052631578948
a826b403-b813-4318-9805-5bbe4cf7f238,Summer 2025/26,dbf37f51-e5af-454c-85da-840c3368e59d,36c6ec7d-6993-4402-8461-c355a5deade4,02 - Jack Quick Shield,raw_c3a31191_6c5e_438e_9288_354845031832,raw_c3a31191_6c5e_438e_9288_354845031832,Abcin Thomas,Abcin Thomas,11.0,69.0,4,61,69.0,4,4,2026-03-07T12:30:00.0000000+11:00,15.942028985507246,88.40579710144928
a826b403-b813-4318-9805-5bbe4cf7f238,Summer 2025/26,dbf37f51-e5af-454c-85da-840c3368e59d,36c6ec7d-6993-4402-8461-c355a5deade4,02 - Jack Quick Shield,raw_cefd9f7d_2787_4b4c_9a13_4e1d0d434ff8,raw_cefd9f7d_2787_4b4c_9a13_4e1d0d434ff8,Siddhesh Jitendrabhai Vadapalli,Siddhesh Jitendrabhai Vadapalli,51.0,148.0,8,119,148.0,8,8,2026-03-21T12:30:00.0000000+11:00,34.45945945945946,80.4054054054054
a826b403-b813-4318-9805-5bbe4cf7f238,Summer 2025/26,dbf37f51-e5af-454c-85da-840c3368e59d,36c6ec7d-6993-4402-8461-c355a5deade4,02 - Jack Quick Shield,raw_e5bc75aa_b94d_482e_b9f0_df9828edd3ff,raw_e5bc75aa_b94d_482e_b9f0_df9828edd3ff,Ved Patel,Ved Patel,22.0,54.0,1,41,54.0,1,1,2025-12-06T12:30:00.0000000+11:00,40.74074074074074,75.92592592592592
a826b403-b813-4318-9805-5bbe4cf7f238,Summer 2025/26,dbf37f51-e5af-454c-85da-840c3368e59d,36c6ec7d-6993-4402-8461-c355a5deade4,02 - Jack Quick Shield,raw_e76d9035_6b7f_48f7_8b69_e8b983e82080,raw_e76d9035_6b7f_48f7_8b69_e8b983e82080,Jayasuriya Sathiaseelan,Jayasuriya Sathiaseelan,20.0,31.0,4,19,31.0,4,4,2026-01-31T12:30:00.0000000+11:00,64.51612903225806,61.29032258064516
a826b403-b813-4318-9805-5bbe4cf7f238,Summer 2025/26,dbf37f51-e5af-454c-85da-840c3368e59d,36c6ec7d-6993-4402-8461-c355a5deade4,02 - Jack Quick Shield,raw_f4eec6b0_c7ff_4771_b4f1_8ea5865e1186,raw_f4eec6b0_c7ff_4771_b4f1_8ea5865e1186,Akshat Bodele,Akshat Bodele,105.0,157.0,3,92,157.0,3,3,2026-02-21T12:30:00.0000000+11:00,66.87898089171975,58.59872611464968
a826b403-b813-4318-9805-5bbe4cf7f238,Summer 2025/26,dbf37f51-e5af-454c-85da-840c3368e59d,36c6ec7d-6993-4402-8461-c355a5deade4,02 - Jack Quick Shield,raw_f6dd9552_fbc5_4490_ac27_b50ff948f8f5,raw_f6dd9552_fbc5_4490_ac27_b50ff948f8f5,Priyanshu Tomar,Priyanshu Tomar,18.0,54.0,2,42,54.0,2,2,2026-03-07T12:30:00.0000000+11:00,33.333333333333336,77.77777777777777
a826b403-b813-4318-9805-5bbe4cf7f238,Summer 2025/26,dbf37f51-e5af-454c-85da-840c3368e59d,36c6ec7d-6993-4402-8461-c355a5deade4,02 - Jack Quick Shield,sandeep_gill,sandeep_gill,Sandeep Gill,Sandeep Gill,5.0,20.0,2,16,20.0,2,2,2025-10-18T12:30:00.0000000+11:00,25.0,80.0
a826b403-b813-4318-9805-5bbe4cf7f238,Summer 2025/26,dbf37f51-e5af-454c-85da-840c3368e59d,36c6ec7d-6993-4402-8461-c355a5deade4,02 - Jack Quick Shield,shivnyl_naidu,shivnyl_naidu,Shivnyl Naidu,Shivnyl Naidu,78.0,253.0,10,210,253.0,10,10,2026-03-21T12:30:00.0000000+11:00,30.8300395256917,83.00395256916995
a826b403-b813-4318-9805-5bbe4cf7f238,Summer 2025/26,dbf37f51-e5af-454c-85da-840c3368e59d,36c6ec7d-6993-4402-8461-c355a5deade4,02 - Jack Quick Shield,shrikant_sharma,shrikant_sharma,Shrikant Sharma,Shrikant Sharma,6.0,17.0,2,15,17.0,2,2,2026-01-10T12:30:00.0000000+11:00,35.294117647058826,88.23529411764706
a826b403-b813-4318-9805-5bbe4cf7f238,Summer 2025/26,dbf37f51-e5af-454c-85da-840c3368e59d,36c6ec7d-6993-4402-8461-c355a5deade4,02 - Jack Quick Shield,vinay_sharma,vinay_sharma,Vinay Sharma,Vinay Sharma,122.0,231.0,9,164,231.0,9,9,2026-03-21T12:30:00.0000000+11:00,52.81385281385281,70.99567099567099
a826b403-b813-4318-9805-5bbe4cf7f238,Summer 2025/26,dbf37f51-e5af-454c-85da-840c3368e59d,36c6ec7d-6993-4402-8461-c355a5deade4,02 - Jack Quick Shield,vinit_naidu,vinit_naidu,Vinit Naidu,Vinit Naidu,124.0,296.0,12,227,296.0,12,12,2026-03-21T12:30:00.0000000+11:00,41.891891891891895,76.6891891891892
a826b403-b813-4318-9805-5bbe4cf7f238,Summer 2025/26,dbf37f51-e5af-454c-85da-840c3368e59d,36c6ec7d-6993-4402-8461-c355a5deade4,02 - Jack Quick Shield,vishnu_para,vishnu_para,Vishnu Para,Vishnu Para,70.0,138.0,5,105,138.0,5,5,2026-03-14T12:30:00.0000000+11:00,50.72463768115942,76.08695652173913
a826b403-b813-4318-9805-5bbe4cf7f238,Summer 2025/26,dbf37f51-e5af-454c-85da-840c3368e59d,36c6ec7d-6993-4402-8461-c355a5deade4,02 - Jack Quick Shield,wajhi_syed,wajhi_syed,Wajhi Syed,Wajhi Syed,2.0,9.0,1,8,9.0,1,1,2025-10-11T12:30:00.0000000+11:00,22.22222222222222,88.88888888888889
a826b403-b813-4318-9805-5bbe4cf7f238,Summer 2025/26,fa410898-8244-46e6-a9c6-d02e6dd1b8b5,c0420577-837e-46d9-80ed-79a16e4e67cb,01 - Jika Shield,balaji_viswanathan,balaji_viswanathan,Balaji Viswanathan,Balaji Viswanathan,169.0,165.0,12,97,165.0,12,11,2026-03-21T12:30:00.0000000+11:00,102.42424242424242,58.78787878787879
a826b403-b813-4318-9805-5bbe4cf7f238,Summer 2025/26,fa410898-8244-46e6-a9c6-d02e6dd1b8b5,c0420577-837e-46d9-80ed-79a16e4e67cb,01 - Jika Shield,baurel_d_mello,baurel_d_mello,Baurel D'Mello,Baurel D'Mello,240.0,320.0,7,214,320.0,7,6,2026-03-21T12:30:00.0000000+11:00,75.0,66.875
a826b403-b813-4318-9805-5bbe4cf7f238,Summer 2025/26,fa410898-8244-46e6-a9c6-d02e6dd1b8b5,c0420577-837e-46d9-80ed-79a16e4e67cb,01 - Jika Shield,danny_singh,danny_singh,Danny Singh,Danny Singh,0.0,11.0,2,11,11.0,2,2,2025-11-15T12:30:00.0000000+11:00,0.0,100.0
a826b403-b813-4318-9805-5bbe4cf7f238,Summer 2025/26,fa410898-8244-46e6-a9c6-d02e6dd1b8b5,c0420577-837e-46d9-80ed-79a16e4e67cb,01 - Jika Shield,janaka_wijayakoon,janaka_wijayakoon,Janaka Wijayakoon,Janaka Wijayakoon,23.0,17.0,1,8,17.0,1,1,2025-12-13T12:30:00.0000000+11:00,135.2941176470588,47.05882352941177
a826b403-b813-4318-9805-5bbe4cf7f238,Summer 2025/26,fa410898-8244-46e6-a9c6-d02e6dd1b8b5,c0420577-837e-46d9-80ed-79a16e4e67cb,01 - Jika Shield,jimmy_sharma,jimmy_sharma,Jimmy Sharma,Jimmy Sharma,8.0,15.0,2,10,15.0,2,2,2025-10-11T12:30:00.0000000+11:00,53.333333333333336,66.66666666666667
a826b403-b813-4318-9805-5bbe4cf7f238,Summer 2025/26,fa410898-8244-46e6-a9c6-d02e6dd1b8b5,c0420577-837e-46d9-80ed-79a16e4e67cb,01 - Jika Shield,kalpeshkumar_patel,kalpeshkumar_patel,Kalpeshkumar Patel,Kalpeshkumar Patel,206.0,197.0,7,116,197.0,7,6,2026-03-21T12:30:00.0000000+11:00,104.56852791878173,58.88324873096447
a826b403-b813-4318-9805-5bbe4cf7f238,Summer 2025/26,fa410898-8244-46e6-a9c6-d02e6dd1b8b5,c0420577-837e-46d9-80ed-79a16e4e67cb,01 - Jika Shield,kieran_bhan,kieran_bhan,Kieran Bhan,Kieran Bhan,133.0,333.0,10,266,333.0,10,9,2026-03-14T12:30:00.0000000+11:00,39.93993993993994,79.87987987987988
a826b403-b813-4318-9805-5bbe4cf7f238,Summer 2025/26,fa410898-8244-46e6-a9c6-d02e6dd1b8b5,c0420577-837e-46d9-80ed-79a16e4e67cb,01 - Jika Shield,nikhil_sawant,nikhil_sawant,Nikhil Sawant,Nikhil Sawant,17.0,18.0,2,10,18.0,2,2,2026-03-14T12:30:00.0000000+11:00,94.44444444444444,55.55555555555556
a826b403-b813-4318-9805-5bbe4cf7f238,Summer 2025/26,fa410898-8244-46e6-a9c6-d02e6dd1b8b5,c0420577-837e-46d9-80ed-79a16e4e67cb,01 - Jika Shield,predheesh_valayil_sivanandan,predheesh_valayil_sivanandan,Predheesh Valayil Sivanandan,Predheesh Valayil Sivanandan,10.0,11.0,1,3,11.0,1,1,2026-01-10T12:30:00.0000000+11:00,90.9090909090909,27.272727272727273
a826b403-b813-4318-9805-5bbe4cf7f238,Summer 2025/26,fa410898-8244-46e6-a9c6-d02e6dd1b8b5,c0420577-837e-46d9-80ed-79a16e4e67cb,01 - Jika Shield,raw_2c167bd3_c65c_4abd_8fa8_7351cfe9aa59,raw_2c167bd3_c65c_4abd_8fa8_7351cfe9aa59,Sajendra Shrestha,Sajendra Shrestha,187.0,347.0,10,256,347.0,10,9,2026-03-21T12:30:00.0000000+11:00,53.89048991354467,73.77521613832853
a826b403-b813-4318-9805-5bbe4cf7f238,Summer 2025/26,fa410898-8244-46e6-a9c6-d02e6dd1b8b5,c0420577-837e-46d9-80ed-79a16e4e67cb,01 - Jika Shield,raw_360868ba_5d2a_4f9f_9f3a_fff5756f3f85,raw_360868ba_5d2a_4f9f_9f3a_fff5756f3f85,Shandil Bhan,Shandil Bhan,182.0,257.0,12,178,257.0,12,11,2026-03-21T12:30:00.0000000+11:00,70.8171206225681,69.26070038910505
a826b403-b813-4318-9805-5bbe4cf7f238,Summer 2025/26,fa410898-8244-46e6-a9c6-d02e6dd1b8b5,c0420577-837e-46d9-80ed-79a16e4e67cb,01 - Jika Shield,raw_7b43011a_eb05_448f_93c9_644481721a69,raw_7b43011a_eb05_448f_93c9_644481721a69,Jude Mendiz,Jude Mendiz,59.0,98.0,9,76,98.0,9,8,2026-03-21T12:30:00.0000000+11:00,60.204081632653065,77.55102040816327
a826b403-b813-4318-9805-5bbe4cf7f238,Summer 2025/26,fa410898-8244-46e6-a9c6-d02e6dd1b8b5,c0420577-837e-46d9-80ed-79a16e4e67cb,01 - Jika Shield,raw_7cccf3c2_52d5_4dfc_91c8_9664f27ac72b,raw_7cccf3c2_52d5_4dfc_91c8_9664f27ac72b,Jai Bhan,Jai Bhan,308.0,605.0,13,455,605.0,13,12,2026-03-21T12:30:00.0000000+11:00,50.90909090909091,75.20661157024793
a826b403-b813-4318-9805-5bbe4cf7f238,Summer 2025/26,fa410898-8244-46e6-a9c6-d02e6dd1b8b5,c0420577-837e-46d9-80ed-79a16e4e67cb,01 - Jika Shield,raw_9070b54a_0677_4338_8bc3_bb7ca2aa65b8,raw_9070b54a_0677_4338_8bc3_bb7ca2aa65b8,Anurag Joshi,Anurag Joshi,16.0,65.0,3,56,65.0,3,3,2025-11-15T12:30:00.0000000+11:00,24.615384615384617,86.15384615384616
a826b403-b813-4318-9805-5bbe4cf7f238,Summer 2025/26,fa410898-8244-46e6-a9c6-d02e6dd1b8b5,c0420577-837e-46d9-80ed-79a16e4e67cb,01 - Jika Shield,raw_bd3267a9_62a4_4ef6_9c96_ca89ef724e76,raw_bd3267a9_62a4_4ef6_9c96_ca89ef724e76,Santhosh Kumar Chappidi,Santhosh Kumar Chappidi,1.0,9.0,1,8,9.0,1,1,2025-11-01T12:30:00.0000000+11:00,11.11111111111111,88.88888888888889
a826b403-b813-4318-9805-5bbe4cf7f238,Summer 2025/26,fa410898-8244-46e6-a9c6-d02e6dd1b8b5,c0420577-837e-46d9-80ed-79a16e4e67cb,01 - Jika Shield,raw_c3a31191_6c5e_438e_9288_354845031832,raw_c3a31191_6c5e_438e_9288_354845031832,Abcin Thomas,Abcin Thomas,82.0,313.0,8,262,313.0,8,8,2026-03-21T12:30:00.0000000+11:00,26.19808306709265,83.70607028753993
a826b403-b813-4318-9805-5bbe4cf7f238,Summer 2025/26,fa410898-8244-46e6-a9c6-d02e6dd1b8b5,c0420577-837e-46d9-80ed-79a16e4e67cb,01 - Jika Shield,raw_cefd9f7d_2787_4b4c_9a13_4e1d0d434ff8,raw_cefd9f7d_2787_4b4c_9a13_4e1d0d434ff8,Siddhesh Jitendrabhai Vadapalli,Siddhesh Jitendrabhai Vadapalli,6.0,19.0,1,16,19.0,1,1,2025-10-11T12:30:00.0000000+11:00,31.57894736842105,84.21052631578948
a826b403-b813-4318-9805-5bbe4cf7f238,Summer 2025/26,fa410898-8244-46e6-a9c6-d02e6dd1b8b5,c0420577-837e-46d9-80ed-79a16e4e67cb,01 - Jika Shield,raw_d36a9234_b2b2_44a0_9fa3_3e1527aa4b1c,raw_d36a9234_b2b2_44a0_9fa3_3e1527aa4b1c,Harish Kumar,Harish Kumar,160.0,393.0,13,321,393.0,13,12,2026-03-21T12:30:00.0000000+11:00,40.712468193384225,81.6793893129771
a826b403-b813-4318-9805-5bbe4cf7f238,Summer 2025/26,fa410898-8244-46e6-a9c6-d02e6dd1b8b5,c0420577-837e-46d9-80ed-79a16e4e67cb,01 - Jika Shield,raw_d7f93a87_6b05_4830_a524_41457fd00603,raw_d7f93a87_6b05_4830_a524_41457fd00603,Shaun Vikash,Shaun Vikash,41.0,186.0,10,159,186.0,10,9,2026-03-21T12:30:00.0000000+11:00,22.043010752688172,85.48387096774194
a826b403-b813-4318-9805-5bbe4cf7f238,Summer 2025/26,fa410898-8244-46e6-a9c6-d02e6dd1b8b5,c0420577-837e-46d9-80ed-79a16e4e67cb,01 - Jika Shield,raw_f4eec6b0_c7ff_4771_b4f1_8ea5865e1186,raw_f4eec6b0_c7ff_4771_b4f1_8ea5865e1186,Akshat Bodele,Akshat Bodele,144.0,463.0,8,386,463.0,8,7,2026-03-21T12:30:00.0000000+11:00,31.101511879049674,83.36933045356372
a826b403-b813-4318-9805-5bbe4cf7f238,Summer 2025/26,fa410898-8244-46e6-a9c6-d02e6dd1b8b5,c0420577-837e-46d9-80ed-79a16e4e67cb,01 - Jika Shield,raw_f6dd9552_fbc5_4490_ac27_b50ff948f8f5,raw_f6dd9552_fbc5_4490_ac27_b50ff948f8f5,Priyanshu Tomar,Priyanshu Tomar,136.0,283.0,7,215,283.0,7,7,2026-01-17T12:30:00.0000000+11:00,48.0565371024735,75.97173144876325
f8ebef3a-ba2d-48c4-95f8-0b13d067e817,Summer 2023/24,0b5a071a-2606-48b0-ba8c-40b13e9f4f1f,79ed54b2-a85f-4335-adec-993f2e69c45d,02 - Jack Quick Shield,baurel_d_mello,baurel_d_mello,Baurel D'Mello,Baurel D'Mello,51.0,92.0,3,69,92.0,3,3,2024-03-16T13:00:00.0000000+11:00,55.43478260869565,75.0
f8ebef3a-ba2d-48c4-95f8-0b13d067e817,Summer 2023/24,0b5a071a-2606-48b0-ba8c-40b13e9f4f1f,79ed54b2-a85f-4335-adec-993f2e69c45d,02 - Jack Quick Shield,gopi_krishna,gopi_krishna,Gopi Krishna,Gopi Krishna,10.0,25.0,1,19,25.0,1,1,2023-10-07T13:00:00.0000000+11:00,40.0,76.0
f8ebef3a-ba2d-48c4-95f8-0b13d067e817,Summer 2023/24,0b5a071a-2606-48b0-ba8c-40b13e9f4f1f,79ed54b2-a85f-4335-adec-993f2e69c45d,02 - Jack Quick Shield,jimmy_sharma,jimmy_sharma,Jimmy Sharma,Jimmy Sharma,72.0,115.0,3,79,115.0,3,3,2024-03-16T13:00:00.0000000+11:00,62.608695652173914,68.69565217391305
f8ebef3a-ba2d-48c4-95f8-0b13d067e817,Summer 2023/24,0b5a071a-2606-48b0-ba8c-40b13e9f4f1f,79ed54b2-a85f-4335-adec-993f2e69c45d,02 - Jack Quick Shield,kalpeshkumar_patel,kalpeshkumar_patel,Kalpeshkumar Patel,Kalpeshkumar Patel,54.0,91.0,2,62,91.0,2,2,2024-03-16T13:00:00.0000000+11:00,59.34065934065934,68.13186813186813
f8ebef3a-ba2d-48c4-95f8-0b13d067e817,Summer 2023/24,0b5a071a-2606-48b0-ba8c-40b13e9f4f1f,79ed54b2-a85f-4335-adec-993f2e69c45d,02 - Jack Quick Shield,raw_2c167bd3_c65c_4abd_8fa8_7351cfe9aa59,raw_2c167bd3_c65c_4abd_8fa8_7351cfe9aa59,Sajendra Shrestha,Sajendra Shrestha,40.0,141.0,2,122,141.0,2,2,2024-03-16T13:00:00.0000000+11:00,28.368794326241133,86.52482269503547
f8ebef3a-ba2d-48c4-95f8-0b13d067e817,Summer 2023/24,0b5a071a-2606-48b0-ba8c-40b13e9f4f1f,79ed54b2-a85f-4335-adec-993f2e69c45d,02 - Jack Quick Shield,raw_360868ba_5d2a_4f9f_9f3a_fff5756f3f85,raw_360868ba_5d2a_4f9f_9f3a_fff5756f3f85,Shandil Bhan,Shandil Bhan,28.0,52.0,3,40,52.0,3,3,2024-03-16T13:00:00.0000000+11:00,53.84615384615385,76.92307692307692
f8ebef3a-ba2d-48c4-95f8-0b13d067e817,Summer 2023/24,0b5a071a-2606-48b0-ba8c-40b13e9f4f1f,79ed54b2-a85f-4335-adec-993f2e69c45d,02 - Jack Quick Shield,raw_7b43011a_eb05_448f_93c9_644481721a69,raw_7b43011a_eb05_448f_93c9_644481721a69,Jude Mendiz,Jude Mendiz,6.0,25.0,1,21,25.0,1,1,2024-03-16T13:00:00.0000000+11:00,24.0,84.0
f8ebef3a-ba2d-48c4-95f8-0b13d067e817,Summer 2023/24,0b5a071a-2606-48b0-ba8c-40b13e9f4f1f,79ed54b2-a85f-4335-adec-993f2e69c45d,02 - Jack Quick Shield,raw_7cccf3c2_52d5_4dfc_91c8_9664f27ac72b,raw_7cccf3c2_52d5_4dfc_91c8_9664f27ac72b,Jai Bhan,Jai Bhan,61.0,128.0,3,94,128.0,3,3,2024-03-16T13:00:00.0000000+11:00,47.65625,73.4375
f8ebef3a-ba2d-48c4-95f8-0b13d067e817,Summer 2023/24,0b5a071a-2606-48b0-ba8c-40b13e9f4f1f,79ed54b2-a85f-4335-adec-993f2e69c45d,02 - Jack Quick Shield,raw_ab033f7b_82e2_4044_b0cb_9024cf56db51,raw_ab033f7b_82e2_4044_b0cb_9024cf56db51,Reuel Sharan,Reuel Sharan,65.0,157.0,2,129,157.0,2,2,2024-03-16T13:00:00.0000000+11:00,41.40127388535032,82.1656050955414
f8ebef3a-ba2d-48c4-95f8-0b13d067e817,Summer 2023/24,0b5a071a-2606-48b0-ba8c-40b13e9f4f1f,79ed54b2-a85f-4335-adec-993f2e69c45d,02 - Jack Quick Shield,raw_bd3267a9_62a4_4ef6_9c96_ca89ef724e76,raw_bd3267a9_62a4_4ef6_9c96_ca89ef724e76,Santhosh Kumar Chappidi,Santhosh Kumar Chappidi,12.0,12.0,1,9,12.0,1,1,2024-03-16T13:00:00.0000000+11:00,100.0,75.0
f8ebef3a-ba2d-48c4-95f8-0b13d067e817,Summer 2023/24,0b5a071a-2606-48b0-ba8c-40b13e9f4f1f,79ed54b2-a85f-4335-adec-993f2e69c45d,02 - Jack Quick Shield,raw_d7f93a87_6b05_4830_a524_41457fd00603,raw_d7f93a87_6b05_4830_a524_41457fd00603,Shaun Vikash,Shaun Vikash,0.0,6.0,1,6,6.0,1,1,2024-01-13T13:00:00.0000000+11:00,0.0,100.0
f8ebef3a-ba2d-48c4-95f8-0b13d067e817,Summer 2023/24,0b5a071a-2606-48b0-ba8c-40b13e9f4f1f,79ed54b2-a85f-4335-adec-993f2e69c45d,02 - Jack Quick Shield,raw_f4eec6b0_c7ff_4771_b4f1_8ea5865e1186,raw_f4eec6b0_c7ff_4771_b4f1_8ea5865e1186,Akshat Bodele,Akshat Bodele,67.0,160.0,3,124,160.0,3,3,2024-03-16T13:00:00.0000000+11:00,41.875,77.5
f8ebef3a-ba2d-48c4-95f8-0b13d067e817,Summer 2023/24,0b5a071a-2606-48b0-ba8c-40b13e9f4f1f,79ed54b2-a85f-4335-adec-993f2e69c45d,02 - Jack Quick Shield,raw_f70da7a3_d303_4ef0_8b35_ec6f69e0685a,raw_f70da7a3_d303_4ef0_8b35_ec6f69e0685a,Bibek Neupane,Bibek Neupane,2.0,4.0,1,3,4.0,1,1,2024-01-13T13:00:00.0000000+11:00,50.0,75.0
f8ebef3a-ba2d-48c4-95f8-0b13d067e817,Summer 2023/24,0b5a071a-2606-48b0-ba8c-40b13e9f4f1f,79ed54b2-a85f-4335-adec-993f2e69c45d,02 - Jack Quick Shield,srikanth_para,srikanth_para,Srikanth Para,Srikanth Para,31.0,32.0,2,21,32.0,2,2,2024-01-13T13:00:00.0000000+11:00,96.875,65.625
f8ebef3a-ba2d-48c4-95f8-0b13d067e817,Summer 2023/24,780a8939-3979-44a8-a31b-b675e2dc33c5,4e2e525d-4ba4-4a35-9e22-3fbca5132593,"04 - ""B"" Grade",aravind_boddula,aravind_boddula,Aravind Boddula,Aravind Boddula,9.0,16.0,2,11,16.0,2,2,2023-11-04T13:00:00.0000000+11:00,56.25,68.75
f8ebef3a-ba2d-48c4-95f8-0b13d067e817,Summer 2023/24,780a8939-3979-44a8-a31b-b675e2dc33c5,4e2e525d-4ba4-4a35-9e22-3fbca5132593,"04 - ""B"" Grade",balaji_viswanathan,balaji_viswanathan,Balaji Viswanathan,Balaji Viswanathan,14.0,18.0,2,10,18.0,2,2,2023-11-04T13:00:00.0000000+11:00,77.77777777777777,55.55555555555556
f8ebef3a-ba2d-48c4-95f8-0b13d067e817,Summer 2023/24,780a8939-3979-44a8-a31b-b675e2dc33c5,4e2e525d-4ba4-4a35-9e22-3fbca5132593,"04 - ""B"" Grade",danny_singh,danny_singh,Danny Singh,Danny Singh,3.0,15.0,2,12,15.0,2,2,2023-11-04T13:00:00.0000000+11:00,20.0,80.0
f8ebef3a-ba2d-48c4-95f8-0b13d067e817,Summer 2023/24,780a8939-3979-44a8-a31b-b675e2dc33c5,4e2e525d-4ba4-4a35-9e22-3fbca5132593,"04 - ""B"" Grade",ibad_mohammed,ibad_mohammed,Ibad Mohammed,Ibad Mohammed,21.0,39.0,1,29,39.0,1,1,2024-02-10T13:00:00.0000000+11:00,53.84615384615385,74.35897435897436
f8ebef3a-ba2d-48c4-95f8-0b13d067e817,Summer 2023/24,780a8939-3979-44a8-a31b-b675e2dc33c5,4e2e525d-4ba4-4a35-9e22-3fbca5132593,"04 - ""B"" Grade",predheesh_valayil_sivanandan,predheesh_valayil_sivanandan,Predheesh Valayil Sivanandan,Predheesh Valayil Sivanandan,49.0,70.0,2,41,70.0,2,2,2024-02-10T13:00:00.0000000+11:00,70.0,58.57142857142857
f8ebef3a-ba2d-48c4-95f8-0b13d067e817,Summer 2023/24,780a8939-3979-44a8-a31b-b675e2dc33c5,4e2e525d-4ba4-4a35-9e22-3fbca5132593,"04 - ""B"" Grade",raw_162cce2f_a5bb_451f_ab68_d7a037f018ee,raw_162cce2f_a5bb_451f_ab68_d7a037f018ee,Benjamin Frew,Benjamin Frew,10.0,14.0,2,9,14.0,2,2,2024-02-10T13:00:00.0000000+11:00,71.42857142857143,64.28571428571429
f8ebef3a-ba2d-48c4-95f8-0b13d067e817,Summer 2023/24,780a8939-3979-44a8-a31b-b675e2dc33c5,4e2e525d-4ba4-4a35-9e22-3fbca5132593,"04 - ""B"" Grade",raw_5bb5ba70_d7c7_4e21_a6ca_b6e111b4f1e4,raw_5bb5ba70_d7c7_4e21_a6ca_b6e111b4f1e4,Nabin Shrestha,Nabin Shrestha,38.0,58.0,1,38,58.0,1,1,2023-11-04T13:00:00.0000000+11:00,65.51724137931035,65.51724137931035
f8ebef3a-ba2d-48c4-95f8-0b13d067e817,Summer 2023/24,780a8939-3979-44a8-a31b-b675e2dc33c5,4e2e525d-4ba4-4a35-9e22-3fbca5132593,"04 - ""B"" Grade",raw_661bdd19_e67a_4978_a255_36e16789ab1f,raw_661bdd19_e67a_4978_a255_36e16789ab1f,Nitin Tanwar,Nitin Tanwar,20.0,69.0,2,61,69.0,2,2,2024-02-10T13:00:00.0000000+11:00,28.985507246376812,88.40579710144928
f8ebef3a-ba2d-48c4-95f8-0b13d067e817,Summer 2023/24,780a8939-3979-44a8-a31b-b675e2dc33c5,4e2e525d-4ba4-4a35-9e22-3fbca5132593,"04 - ""B"" Grade",raw_6b74d336_b105_407c_b4ef_f68e2fba7862,raw_6b74d336_b105_407c_b4ef_f68e2fba7862,Damandeep Sehra,Damandeep Sehra,0.0,9.0,1,10,9.0,1,1,2024-02-10T13:00:00.0000000+11:00,0.0,111.11111111111111
f8ebef3a-ba2d-48c4-95f8-0b13d067e817,Summer 2023/24,780a8939-3979-44a8-a31b-b675e2dc33c5,4e2e525d-4ba4-4a35-9e22-3fbca5132593,"04 - ""B"" Grade",raw_71ef9dbf_3692_4288_94d6_3030623bea83,raw_71ef9dbf_3692_4288_94d6_3030623bea83,Muhammad Anas Mukhtar,Muhammad Anas Mukhtar,33.0,103.0,2,85,103.0,2,2,2024-02-10T13:00:00.0000000+11:00,32.03883495145631,82.52427184466019
f8ebef3a-ba2d-48c4-95f8-0b13d067e817,Summer 2023/24,780a8939-3979-44a8-a31b-b675e2dc33c5,4e2e525d-4ba4-4a35-9e22-3fbca5132593,"04 - ""B"" Grade",raw_ab033f7b_82e2_4044_b0cb_9024cf56db51,raw_ab033f7b_82e2_4044_b0cb_9024cf56db51,Reuel Sharan,Reuel Sharan,18.0,26.0,2,19,26.0,2,2,2023-11-04T13:00:00.0000000+11:00,69.23076923076923,73.07692307692308
f8ebef3a-ba2d-48c4-95f8-0b13d067e817,Summer 2023/24,780a8939-3979-44a8-a31b-b675e2dc33c5,4e2e525d-4ba4-4a35-9e22-3fbca5132593,"04 - ""B"" Grade",raw_bacb745b_1109_4ffc_b4ce_f53bf8c269ce,raw_bacb745b_1109_4ffc_b4ce_f53bf8c269ce,Syed Shabbir,Syed Shabbir,8.0,15.0,2,11,15.0,2,2,2024-02-10T13:00:00.0000000+11:00,53.333333333333336,73.33333333333333
f8ebef3a-ba2d-48c4-95f8-0b13d067e817,Summer 2023/24,780a8939-3979-44a8-a31b-b675e2dc33c5,4e2e525d-4ba4-4a35-9e22-3fbca5132593,"04 - ""B"" Grade",raw_bd3267a9_62a4_4ef6_9c96_ca89ef724e76,raw_bd3267a9_62a4_4ef6_9c96_ca89ef724e76,Santhosh Kumar Chappidi,Santhosh Kumar Chappidi,9.0,45.0,1,40,45.0,1,1,2023-10-14T13:00:00.0000000+11:00,20.0,88.88888888888889
f8ebef3a-ba2d-48c4-95f8-0b13d067e817,Summer 2023/24,780a8939-3979-44a8-a31b-b675e2dc33c5,4e2e525d-4ba4-4a35-9e22-3fbca5132593,"04 - ""B"" Grade",raw_f70da7a3_d303_4ef0_8b35_ec6f69e0685a,raw_f70da7a3_d303_4ef0_8b35_ec6f69e0685a,Bibek Neupane,Bibek Neupane,1.0,6.0,1,5,6.0,1,1,2023-11-04T13:00:00.0000000+11:00,16.666666666666668,83.33333333333333
f8ebef3a-ba2d-48c4-95f8-0b13d067e817,Summer 2023/24,780a8939-3979-44a8-a31b-b675e2dc33c5,4e2e525d-4ba4-4a35-9e22-3fbca5132593,"04 - ""B"" Grade",saleem_shafqat,saleem_shafqat,Saleem Shafqat,Saleem Shafqat,41.0,111.0,2,90,111.0,2,2,2024-02-10T13:00:00.0000000+11:00,36.93693693693694,81.08108108108108
f8ebef3a-ba2d-48c4-95f8-0b13d067e817,Summer 2023/24,780a8939-3979-44a8-a31b-b675e2dc33c5,4e2e525d-4ba4-4a35-9e22-3fbca5132593,"04 - ""B"" Grade",sandeep_gill,sandeep_gill,Sandeep Gill,Sandeep Gill,2.0,6.0,1,5,6.0,1,1,2023-10-14T13:00:00.0000000+11:00,33.333333333333336,83.33333333333333
f8ebef3a-ba2d-48c4-95f8-0b13d067e817,Summer 2023/24,780a8939-3979-44a8-a31b-b675e2dc33c5,4e2e525d-4ba4-4a35-9e22-3fbca5132593,"04 - ""B"" Grade",shivnyl_naidu,shivnyl_naidu,Shivnyl Naidu,Shivnyl Naidu,93.0,256.0,3,219,256.0,3,3,2024-02-10T13:00:00.0000000+11:00,36.328125,85.546875
f8ebef3a-ba2d-48c4-95f8-0b13d067e817,Summer 2023/24,780a8939-3979-44a8-a31b-b675e2dc33c5,4e2e525d-4ba4-4a35-9e22-3fbca5132593,"04 - ""B"" Grade",vinay_sharma,vinay_sharma,Vinay Sharma,Vinay Sharma,5.0,17.0,1,13,17.0,1,1,2024-02-10T13:00:00.0000000+11:00,29.41176470588235,76.47058823529412
f8ebef3a-ba2d-48c4-95f8-0b13d067e817,Summer 2023/24,780a8939-3979-44a8-a31b-b675e2dc33c5,4e2e525d-4ba4-4a35-9e22-3fbca5132593,"04 - ""B"" Grade",vishnu_para,vishnu_para,Vishnu Para,Vishnu Para,2.0,7.0,1,5,7.0,1,1,2023-10-14T13:00:00.0000000+11:00,28.571428571428573,71.42857142857143
fc1465b6-3c80-4b82-9759-680a784168c2,Summer 2024/25,169e6e9b-e3e4-43f2-b997-91160ba0c3e1,99826f7f-b534-4593-b6c0-80da5d258f6a,08 - Robert Young DODC,ashish_sharma,ashish_sharma,Ashish Sharma,Ashish Sharma,30.0,46.0,3,37,46.0,3,3,2025-02-22T12:30:00.0000000+11:00,65.21739130434783,80.43478260869566
fc1465b6-3c80-4b82-9759-680a784168c2,Summer 2024/25,169e6e9b-e3e4-43f2-b997-91160ba0c3e1,99826f7f-b534-4593-b6c0-80da5d258f6a,08 - Robert Young DODC,feroz_hassan,feroz_hassan,Feroz Hassan,Feroz Hassan,4.0,19.0,2,17,19.0,2,2,2025-03-01T12:30:00.0000000+11:00,21.05263157894737,89.47368421052632
fc1465b6-3c80-4b82-9759-680a784168c2,Summer 2024/25,169e6e9b-e3e4-43f2-b997-91160ba0c3e1,99826f7f-b534-4593-b6c0-80da5d258f6a,08 - Robert Young DODC,mayur_mohan,mayur_mohan,Mayur Mohan,Mayur Mohan,15.0,33.0,2,24,33.0,2,2,2025-02-08T12:30:00.0000000+11:00,45.45454545454545,72.72727272727273
fc1465b6-3c80-4b82-9759-680a784168c2,Summer 2024/25,169e6e9b-e3e4-43f2-b997-91160ba0c3e1,99826f7f-b534-4593-b6c0-80da5d258f6a,08 - Robert Young DODC,raw_00000000_0000_0000_0000_000000000002,raw_00000000_0000_0000_0000_000000000002,********,********,5.0,23.0,1,20,23.0,1,1,2025-02-22T12:30:00.0000000+11:00,21.73913043478261,86.95652173913044
fc1465b6-3c80-4b82-9759-680a784168c2,Summer 2024/25,169e6e9b-e3e4-43f2-b997-91160ba0c3e1,99826f7f-b534-4593-b6c0-80da5d258f6a,08 - Robert Young DODC,raw_100b60f9_15ab_4d35_9626_be4212a5d0e2,raw_100b60f9_15ab_4d35_9626_be4212a5d0e2,Rama Suravajjula,Rama Suravajjula,45.0,90.0,4,68,90.0,4,4,2025-03-01T12:30:00.0000000+11:00,50.0,75.55555555555556
fc1465b6-3c80-4b82-9759-680a784168c2,Summer 2024/25,169e6e9b-e3e4-43f2-b997-91160ba0c3e1,99826f7f-b534-4593-b6c0-80da5d258f6a,08 - Robert Young DODC,raw_162cce2f_a5bb_451f_ab68_d7a037f018ee,raw_162cce2f_a5bb_451f_ab68_d7a037f018ee,Benjamin Frew,Benjamin Frew,38.0,58.0,2,41,58.0,2,2,2025-02-08T12:30:00.0000000+11:00,65.51724137931035,70.6896551724138
fc1465b6-3c80-4b82-9759-680a784168c2,Summer 2024/25,169e6e9b-e3e4-43f2-b997-91160ba0c3e1,99826f7f-b534-4593-b6c0-80da5d258f6a,08 - Robert Young DODC,raw_400e4752_f236_4ca7_93e9_fd8ebee6735e,raw_400e4752_f236_4ca7_93e9_fd8ebee6735e,Siddhanth Chaurasiya,Siddhanth Chaurasiya,22.0,61.0,3,50,61.0,3,3,2025-03-01T12:30:00.0000000+11:00,36.0655737704918,81.9672131147541
fc1465b6-3c80-4b82-9759-680a784168c2,Summer 2024/25,169e6e9b-e3e4-43f2-b997-91160ba0c3e1,99826f7f-b534-4593-b6c0-80da5d258f6a,08 - Robert Young DODC,raw_71ca36a8_b853_449e_b7fd_ac601222e885,raw_71ca36a8_b853_449e_b7fd_ac601222e885,Kartik Nallepalli,Kartik Nallepalli,17.0,11.0,1,3,11.0,1,1,2025-02-01T12:30:00.0000000+11:00,154.54545454545453,27.272727272727273
fc1465b6-3c80-4b82-9759-680a784168c2,Summer 2024/25,169e6e9b-e3e4-43f2-b997-91160ba0c3e1,99826f7f-b534-4593-b6c0-80da5d258f6a,08 - Robert Young DODC,raw_8a856bda_2a2c_416f_948f_f80829c83646,raw_8a856bda_2a2c_416f_948f_f80829c83646,Padmanabhan Srinivasan,Padmanabhan Srinivasan,4.0,26.0,3,25,26.0,3,3,2025-02-22T12:30:00.0000000+11:00,15.384615384615385,96.15384615384616
fc1465b6-3c80-4b82-9759-680a784168c2,Summer 2024/25,169e6e9b-e3e4-43f2-b997-91160ba0c3e1,99826f7f-b534-4593-b6c0-80da5d258f6a,08 - Robert Young DODC,raw_8cc72ac1_93ab_43ad_a24f_fdcbf14da6a2,raw_8cc72ac1_93ab_43ad_a24f_fdcbf14da6a2,Kiran Tomy,Kiran Tomy,18.0,56.0,2,45,56.0,2,2,2025-03-01T12:30:00.0000000+11:00,32.142857142857146,80.35714285714286
fc1465b6-3c80-4b82-9759-680a784168c2,Summer 2024/25,169e6e9b-e3e4-43f2-b997-91160ba0c3e1,99826f7f-b534-4593-b6c0-80da5d258f6a,08 - Robert Young DODC,raw_98be31d5_daf2_437b_8d94_e44170555a40,raw_98be31d5_daf2_437b_8d94_e44170555a40,Mayur Patil,Mayur Patil,11.0,16.0,3,10,16.0,3,3,2025-02-22T12:30:00.0000000+11:00,68.75,62.5
fc1465b6-3c80-4b82-9759-680a784168c2,Summer 2024/25,169e6e9b-e3e4-43f2-b997-91160ba0c3e1,99826f7f-b534-4593-b6c0-80da5d258f6a,08 - Robert Young DODC,raw_a0711994_f960_4c71_bea5_c9dd9f3edd83,raw_a0711994_f960_4c71_bea5_c9dd9f3edd83,Bikash Naik,Bikash Naik,12.0,30.0,2,20,30.0,2,2,2025-03-01T12:30:00.0000000+11:00,40.0,66.66666666666667
fc1465b6-3c80-4b82-9759-680a784168c2,Summer 2024/25,169e6e9b-e3e4-43f2-b997-91160ba0c3e1,99826f7f-b534-4593-b6c0-80da5d258f6a,08 - Robert Young DODC,raw_ad51ee65_d0d9_465d_a097_6d5a9971d4fd,raw_ad51ee65_d0d9_465d_a097_6d5a9971d4fd,Rajan Pusalkar,Rajan Pusalkar,4.0,6.0,1,5,6.0,1,1,2025-02-22T12:30:00.0000000+11:00,66.66666666666667,83.33333333333333
fc1465b6-3c80-4b82-9759-680a784168c2,Summer 2024/25,169e6e9b-e3e4-43f2-b997-91160ba0c3e1,99826f7f-b534-4593-b6c0-80da5d258f6a,08 - Robert Young DODC,raw_cefd9f7d_2787_4b4c_9a13_4e1d0d434ff8,raw_cefd9f7d_2787_4b4c_9a13_4e1d0d434ff8,Siddhesh Jitendrabhai Vadapalli,Siddhesh Jitendrabhai Vadapalli,37.0,54.0,2,36,54.0,2,2,2025-03-01T12:30:00.0000000+11:00,68.51851851851852,66.66666666666667
fc1465b6-3c80-4b82-9759-680a784168c2,Summer 2024/25,169e6e9b-e3e4-43f2-b997-91160ba0c3e1,99826f7f-b534-4593-b6c0-80da5d258f6a,08 - Robert Young DODC,raw_e5bc75aa_b94d_482e_b9f0_df9828edd3ff,raw_e5bc75aa_b94d_482e_b9f0_df9828edd3ff,Ved Patel,Ved Patel,3.0,22.0,3,20,22.0,3,3,2025-03-01T12:30:00.0000000+11:00,13.636363636363637,90.9090909090909
fc1465b6-3c80-4b82-9759-680a784168c2,Summer 2024/25,169e6e9b-e3e4-43f2-b997-91160ba0c3e1,99826f7f-b534-4593-b6c0-80da5d258f6a,08 - Robert Young DODC,raw_f4eec6b0_c7ff_4771_b4f1_8ea5865e1186,raw_f4eec6b0_c7ff_4771_b4f1_8ea5865e1186,Akshat Bodele,Akshat Bodele,0.0,2.0,1,2,2.0,1,1,2025-02-22T12:30:00.0000000+11:00,0.0,100.0
fc1465b6-3c80-4b82-9759-680a784168c2,Summer 2024/25,169e6e9b-e3e4-43f2-b997-91160ba0c3e1,99826f7f-b534-4593-b6c0-80da5d258f6a,08 - Robert Young DODC,raw_f6dd9552_fbc5_4490_ac27_b50ff948f8f5,raw_f6dd9552_fbc5_4490_ac27_b50ff948f8f5,Priyanshu Tomar,Priyanshu Tomar,69.0,110.0,3,71,110.0,3,3,2025-03-01T12:30:00.0000000+11:00,62.72727272727273,64.54545454545455
fc1465b6-3c80-4b82-9759-680a784168c2,Summer 2024/25,169e6e9b-e3e4-43f2-b997-91160ba0c3e1,99826f7f-b534-4593-b6c0-80da5d258f6a,08 - Robert Young DODC,raw_fa1b6803_3b25_4211_b5aa_d1ea9168d018,raw_fa1b6803_3b25_4211_b5aa_d1ea9168d018,Aryan Datta,Aryan Datta,19.0,41.0,2,33,41.0,2,2,2025-02-08T12:30:00.0000000+11:00,46.34146341463415,80.48780487804878
fc1465b6-3c80-4b82-9759-680a784168c2,Summer 2024/25,169e6e9b-e3e4-43f2-b997-91160ba0c3e1,99826f7f-b534-4593-b6c0-80da5d258f6a,08 - Robert Young DODC,ricky_singh,ricky_singh,Ricky Singh,Ricky Singh,8.0,23.0,2,18,23.0,2,2,2025-03-01T12:30:00.0000000+11:00,34.78260869565217,78.26086956521739
fc1465b6-3c80-4b82-9759-680a784168c2,Summer 2024/25,60ce7fb7-46ff-44fb-91c0-a046e150ca9c,41139b39-d433-4c64-bc0a-41321ef5dff4,03 - Jack Kelly Shield,balaji_viswanathan,balaji_viswanathan,Balaji Viswanathan,Balaji Viswanathan,48.0,75.0,5,51,75.0,5,5,2025-03-22T12:30:00.0000000+11:00,64.0,68.0
fc1465b6-3c80-4b82-9759-680a784168c2,Summer 2024/25,60ce7fb7-46ff-44fb-91c0-a046e150ca9c,41139b39-d433-4c64-bc0a-41321ef5dff4,03 - Jack Kelly Shield,danny_singh,danny_singh,Danny Singh,Danny Singh,80.0,88.0,3,50,88.0,3,3,2025-03-15T12:30:00.0000000+11:00,90.9090909090909,56.81818181818182
fc1465b6-3c80-4b82-9759-680a784168c2,Summer 2024/25,60ce7fb7-46ff-44fb-91c0-a046e150ca9c,41139b39-d433-4c64-bc0a-41321ef5dff4,03 - Jack Kelly Shield,ibad_mohammed,ibad_mohammed,Ibad Mohammed,Ibad Mohammed,141.0,262.0,5,199,262.0,5,4,2025-03-22T12:30:00.0000000+11:00,53.81679389312977,75.95419847328245
fc1465b6-3c80-4b82-9759-680a784168c2,Summer 2024/25,60ce7fb7-46ff-44fb-91c0-a046e150ca9c,41139b39-d433-4c64-bc0a-41321ef5dff4,03 - Jack Kelly Shield,kalpeshkumar_patel,kalpeshkumar_patel,Kalpeshkumar Patel,Kalpeshkumar Patel,8.0,11.0,1,8,11.0,1,1,2025-02-22T12:30:00.0000000+11:00,72.72727272727273,72.72727272727273
fc1465b6-3c80-4b82-9759-680a784168c2,Summer 2024/25,60ce7fb7-46ff-44fb-91c0-a046e150ca9c,41139b39-d433-4c64-bc0a-41321ef5dff4,03 - Jack Kelly Shield,kieran_bhan,kieran_bhan,Kieran Bhan,Kieran Bhan,25.0,109.0,4,96,109.0,4,3,2025-03-22T12:30:00.0000000+11:00,22.93577981651376,88.07339449541284
fc1465b6-3c80-4b82-9759-680a784168c2,Summer 2024/25,60ce7fb7-46ff-44fb-91c0-a046e150ca9c,41139b39-d433-4c64-bc0a-41321ef5dff4,03 - Jack Kelly Shield,predheesh_valayil_sivanandan,predheesh_valayil_sivanandan,Predheesh Valayil Sivanandan,Predheesh Valayil Sivanandan,52.0,32.0,2,12,32.0,2,2,2025-01-25T12:30:00.0000000+11:00,162.5,37.5
fc1465b6-3c80-4b82-9759-680a784168c2,Summer 2024/25,60ce7fb7-46ff-44fb-91c0-a046e150ca9c,41139b39-d433-4c64-bc0a-41321ef5dff4,03 - Jack Kelly Shield,raw_0ceda279_1aad_42cd_a342_75c5faf3ad14,raw_0ceda279_1aad_42cd_a342_75c5faf3ad14,Vineeth Yamani,Vineeth Yamani,4.0,6.0,3,5,6.0,3,3,2025-01-18T12:30:00.0000000+11:00,66.66666666666667,83.33333333333333
fc1465b6-3c80-4b82-9759-680a784168c2,Summer 2024/25,60ce7fb7-46ff-44fb-91c0-a046e150ca9c,41139b39-d433-4c64-bc0a-41321ef5dff4,03 - Jack Kelly Shield,raw_162cce2f_a5bb_451f_ab68_d7a037f018ee,raw_162cce2f_a5bb_451f_ab68_d7a037f018ee,Benjamin Frew,Benjamin Frew,143.0,239.0,7,178,239.0,7,6,2025-03-22T12:30:00.0000000+11:00,59.8326359832636,74.47698744769875
fc1465b6-3c80-4b82-9759-680a784168c2,Summer 2024/25,60ce7fb7-46ff-44fb-91c0-a046e150ca9c,41139b39-d433-4c64-bc0a-41321ef5dff4,03 - Jack Kelly Shield,raw_360868ba_5d2a_4f9f_9f3a_fff5756f3f85,raw_360868ba_5d2a_4f9f_9f3a_fff5756f3f85,Shandil Bhan,Shandil Bhan,22.0,63.0,3,52,63.0,3,2,2025-03-22T12:30:00.0000000+11:00,34.92063492063492,82.53968253968254
fc1465b6-3c80-4b82-9759-680a784168c2,Summer 2024/25,60ce7fb7-46ff-44fb-91c0-a046e150ca9c,41139b39-d433-4c64-bc0a-41321ef5dff4,03 - Jack Kelly Shield,raw_661bdd19_e67a_4978_a255_36e16789ab1f,raw_661bdd19_e67a_4978_a255_36e16789ab1f,Nitin Tanwar,Nitin Tanwar,41.0,71.0,4,50,71.0,4,4,2025-03-08T12:30:00.0000000+11:00,57.74647887323944,70.4225352112676
fc1465b6-3c80-4b82-9759-680a784168c2,Summer 2024/25,60ce7fb7-46ff-44fb-91c0-a046e150ca9c,41139b39-d433-4c64-bc0a-41321ef5dff4,03 - Jack Kelly Shield,raw_6b74d336_b105_407c_b4ef_f68e2fba7862,raw_6b74d336_b105_407c_b4ef_f68e2fba7862,Damandeep Sehra,Damandeep Sehra,14.0,42.0,2,32,42.0,2,2,2025-01-25T12:30:00.0000000+11:00,33.333333333333336,76.19047619047619
fc1465b6-3c80-4b82-9759-680a784168c2,Summer 2024/25,60ce7fb7-46ff-44fb-91c0-a046e150ca9c,41139b39-d433-4c64-bc0a-41321ef5dff4,03 - Jack Kelly Shield,raw_71ef9dbf_3692_4288_94d6_3030623bea83,raw_71ef9dbf_3692_4288_94d6_3030623bea83,Muhammad Anas Mukhtar,Muhammad Anas Mukhtar,28.0,28.0,3,17,28.0,3,3,2025-01-18T12:30:00.0000000+11:00,100.0,60.714285714285715
fc1465b6-3c80-4b82-9759-680a784168c2,Summer 2024/25,60ce7fb7-46ff-44fb-91c0-a046e150ca9c,41139b39-d433-4c64-bc0a-41321ef5dff4,03 - Jack Kelly Shield,raw_ab033f7b_82e2_4044_b0cb_9024cf56db51,raw_ab033f7b_82e2_4044_b0cb_9024cf56db51,Reuel Sharan,Reuel Sharan,58.0,153.0,4,121,153.0,4,3,2025-03-22T12:30:00.0000000+11:00,37.908496732026144,79.08496732026144
fc1465b6-3c80-4b82-9759-680a784168c2,Summer 2024/25,60ce7fb7-46ff-44fb-91c0-a046e150ca9c,41139b39-d433-4c64-bc0a-41321ef5dff4,03 - Jack Kelly Shield,raw_bd3267a9_62a4_4ef6_9c96_ca89ef724e76,raw_bd3267a9_62a4_4ef6_9c96_ca89ef724e76,Santhosh Kumar Chappidi,Santhosh Kumar Chappidi,32.0,58.0,5,43,58.0,5,5,2025-03-22T12:30:00.0000000+11:00,55.172413793103445,74.13793103448276
fc1465b6-3c80-4b82-9759-680a784168c2,Summer 2024/25,60ce7fb7-46ff-44fb-91c0-a046e150ca9c,41139b39-d433-4c64-bc0a-41321ef5dff4,03 - Jack Kelly Shield,raw_c3a31191_6c5e_438e_9288_354845031832,raw_c3a31191_6c5e_438e_9288_354845031832,Abcin Thomas,Abcin Thomas,98.0,266.0,5,222,266.0,5,4,2025-03-22T12:30:00.0000000+11:00,36.8421052631579,83.45864661654136
fc1465b6-3c80-4b82-9759-680a784168c2,Summer 2024/25,60ce7fb7-46ff-44fb-91c0-a046e150ca9c,41139b39-d433-4c64-bc0a-41321ef5dff4,03 - Jack Kelly Shield,sandeep_gill,sandeep_gill,Sandeep Gill,Sandeep Gill,19.0,23.0,2,12,23.0,2,2,2025-03-08T12:30:00.0000000+11:00,82.6086956521739,52.17391304347826
fc1465b6-3c80-4b82-9759-680a784168c2,Summer 2024/25,60ce7fb7-46ff-44fb-91c0-a046e150ca9c,41139b39-d433-4c64-bc0a-41321ef5dff4,03 - Jack Kelly Shield,shivnyl_naidu,shivnyl_naidu,Shivnyl Naidu,Shivnyl Naidu,73.0,286.0,3,245,286.0,3,3,2025-03-08T12:30:00.0000000+11:00,25.524475524475523,85.66433566433567
fc1465b6-3c80-4b82-9759-680a784168c2,Summer 2024/25,60ce7fb7-46ff-44fb-91c0-a046e150ca9c,41139b39-d433-4c64-bc0a-41321ef5dff4,03 - Jack Kelly Shield,srikanth_para,srikanth_para,Srikanth Para,Srikanth Para,1.0,7.0,2,6,7.0,2,2,2024-12-21T12:30:00.0000000+11:00,14.285714285714286,85.71428571428571
fc1465b6-3c80-4b82-9759-680a784168c2,Summer 2024/25,60ce7fb7-46ff-44fb-91c0-a046e150ca9c,41139b39-d433-4c64-bc0a-41321ef5dff4,03 - Jack Kelly Shield,vinay_sharma,vinay_sharma,Vinay Sharma,Vinay Sharma,41.0,104.0,6,84,104.0,6,6,2025-03-22T12:30:00.0000000+11:00,39.42307692307692,80.76923076923077
fc1465b6-3c80-4b82-9759-680a784168c2,Summer 2024/25,60ce7fb7-46ff-44fb-91c0-a046e150ca9c,41139b39-d433-4c64-bc0a-41321ef5dff4,03 - Jack Kelly Shield,vinit_naidu,vinit_naidu,Vinit Naidu,Vinit Naidu,25.0,90.0,4,77,90.0,4,3,2025-03-22T12:30:00.0000000+11:00,27.77777777777778,85.55555555555556
fc1465b6-3c80-4b82-9759-680a784168c2,Summer 2024/25,60ce7fb7-46ff-44fb-91c0-a046e150ca9c,41139b39-d433-4c64-bc0a-41321ef5dff4,03 - Jack Kelly Shield,vishnu_para,vishnu_para,Vishnu Para,Vishnu Para,77.0,109.0,5,77,109.0,5,5,2025-03-22T12:30:00.0000000+11:00,70.64220183486239,70.64220183486239
fc1465b6-3c80-4b82-9759-680a784168c2,Summer 2024/25,a796549a-0882-404a-b732-635cce351739,88fee2df-830c-4cfe-9248-c3f9c2cbf04a,02 - Jack Quick Shield,baurel_d_mello,baurel_d_mello,Baurel D'Mello,Baurel D'Mello,272.0,241.0,5,124,241.0,5,5,2025-03-22T12:30:00.0000000+11:00,112.86307053941908,51.45228215767635
fc1465b6-3c80-4b82-9759-680a784168c2,Summer 2024/25,a796549a-0882-404a-b732-635cce351739,88fee2df-830c-4cfe-9248-c3f9c2cbf04a,02 - Jack Quick Shield,danny_singh,danny_singh,Danny Singh,Danny Singh,68.0,181.0,3,141,181.0,3,3,2025-03-22T12:30:00.0000000+11:00,37.569060773480665,77.90055248618785
fc1465b6-3c80-4b82-9759-680a784168c2,Summer 2024/25,a796549a-0882-404a-b732-635cce351739,88fee2df-830c-4cfe-9248-c3f9c2cbf04a,02 - Jack Quick Shield,ibad_mohammed,ibad_mohammed,Ibad Mohammed,Ibad Mohammed,7.0,12.0,1,9,12.0,1,1,2025-01-25T12:30:00.0000000+11:00,58.333333333333336,75.0
fc1465b6-3c80-4b82-9759-680a784168c2,Summer 2024/25,a796549a-0882-404a-b732-635cce351739,88fee2df-830c-4cfe-9248-c3f9c2cbf04a,02 - Jack Quick Shield,jimmy_sharma,jimmy_sharma,Jimmy Sharma,Jimmy Sharma,61.0,78.0,6,42,78.0,6,6,2025-03-22T12:30:00.0000000+11:00,78.2051282051282,53.84615384615385
fc1465b6-3c80-4b82-9759-680a784168c2,Summer 2024/25,a796549a-0882-404a-b732-635cce351739,88fee2df-830c-4cfe-9248-c3f9c2cbf04a,02 - Jack Quick Shield,kalpeshkumar_patel,kalpeshkumar_patel,Kalpeshkumar Patel,Kalpeshkumar Patel,91.0,102.0,6,64,102.0,6,6,2025-03-22T12:30:00.0000000+11:00,89.2156862745098,62.745098039215684
fc1465b6-3c80-4b82-9759-680a784168c2,Summer 2024/25,a796549a-0882-404a-b732-635cce351739,88fee2df-830c-4cfe-9248-c3f9c2cbf04a,02 - Jack Quick Shield,nikhil_sawant,nikhil_sawant,Nikhil Sawant,Nikhil Sawant,132.0,119.0,5,60,119.0,5,5,2025-03-22T12:30:00.0000000+11:00,110.92436974789916,50.42016806722689
fc1465b6-3c80-4b82-9759-680a784168c2,Summer 2024/25,a796549a-0882-404a-b732-635cce351739,88fee2df-830c-4cfe-9248-c3f9c2cbf04a,02 - Jack Quick Shield,raw_2c167bd3_c65c_4abd_8fa8_7351cfe9aa59,raw_2c167bd3_c65c_4abd_8fa8_7351cfe9aa59,Sajendra Shrestha,Sajendra Shrestha,16.0,80.0,4,70,80.0,4,4,2025-03-22T12:30:00.0000000+11:00,20.0,87.5
fc1465b6-3c80-4b82-9759-680a784168c2,Summer 2024/25,a796549a-0882-404a-b732-635cce351739,88fee2df-830c-4cfe-9248-c3f9c2cbf04a,02 - Jack Quick Shield,raw_360868ba_5d2a_4f9f_9f3a_fff5756f3f85,raw_360868ba_5d2a_4f9f_9f3a_fff5756f3f85,Shandil Bhan,Shandil Bhan,41.0,50.0,2,32,50.0,2,2,2025-01-25T12:30:00.0000000+11:00,82.0,64.0
fc1465b6-3c80-4b82-9759-680a784168c2,Summer 2024/25,a796549a-0882-404a-b732-635cce351739,88fee2df-830c-4cfe-9248-c3f9c2cbf04a,02 - Jack Quick Shield,raw_7b43011a_eb05_448f_93c9_644481721a69,raw_7b43011a_eb05_448f_93c9_644481721a69,Jude Mendiz,Jude Mendiz,143.0,205.0,5,136,205.0,5,5,2025-03-22T12:30:00.0000000+11:00,69.7560975609756,66.34146341463415
fc1465b6-3c80-4b82-9759-680a784168c2,Summer 2024/25,a796549a-0882-404a-b732-635cce351739,88fee2df-830c-4cfe-9248-c3f9c2cbf04a,02 - Jack Quick Shield,raw_7cccf3c2_52d5_4dfc_91c8_9664f27ac72b,raw_7cccf3c2_52d5_4dfc_91c8_9664f27ac72b,Jai Bhan,Jai Bhan,93.0,141.0,5,88,141.0,5,5,2025-03-22T12:30:00.0000000+11:00,65.95744680851064,62.4113475177305
fc1465b6-3c80-4b82-9759-680a784168c2,Summer 2024/25,a796549a-0882-404a-b732-635cce351739,88fee2df-830c-4cfe-9248-c3f9c2cbf04a,02 - Jack Quick Shield,raw_d36a9234_b2b2_44a0_9fa3_3e1527aa4b1c,raw_d36a9234_b2b2_44a0_9fa3_3e1527aa4b1c,Harish Kumar,Harish Kumar,104.0,180.0,5,128,180.0,5,5,2025-03-22T12:30:00.0000000+11:00,57.77777777777778,71.11111111111111
fc1465b6-3c80-4b82-9759-680a784168c2,Summer 2024/25,a796549a-0882-404a-b732-635cce351739,88fee2df-830c-4cfe-9248-c3f9c2cbf04a,02 - Jack Quick Shield,raw_d7f93a87_6b05_4830_a524_41457fd00603,raw_d7f93a87_6b05_4830_a524_41457fd00603,Shaun Vikash,Shaun Vikash,0.0,22.0,2,22,22.0,2,2,2025-03-22T12:30:00.0000000+11:00,0.0,100.0
fc1465b6-3c80-4b82-9759-680a784168c2,Summer 2024/25,a796549a-0882-404a-b732-635cce351739,88fee2df-830c-4cfe-9248-c3f9c2cbf04a,02 - Jack Quick Shield,raw_f4eec6b0_c7ff_4771_b4f1_8ea5865e1186,raw_f4eec6b0_c7ff_4771_b4f1_8ea5865e1186,Akshat Bodele,Akshat Bodele,28.0,52.0,4,40,52.0,4,4,2025-03-22T12:30:00.0000000+11:00,53.84615384615385,76.92307692307692
fc1465b6-3c80-4b82-9759-680a784168c2,Summer 2024/25,ba09f282-b759-47da-a8e6-777d83c23390,6957edd1-b96a-4069-9aaf-beabf3d4f112,"05 - ""C"" Grade",aravind_boddula,aravind_boddula,Aravind Boddula,Aravind Boddula,0.0,3.0,1,3,3.0,1,1,2024-10-12T12:30:00.0000000+11:00,0.0,100.0
fc1465b6-3c80-4b82-9759-680a784168c2,Summer 2024/25,ba09f282-b759-47da-a8e6-777d83c23390,6957edd1-b96a-4069-9aaf-beabf3d4f112,"05 - ""C"" Grade",baurel_d_mello,baurel_d_mello,Baurel D'Mello,Baurel D'Mello,49.0,44.0,1,24,44.0,1,1,2025-01-25T12:30:00.0000000+11:00,111.36363636363636,54.54545454545455
fc1465b6-3c80-4b82-9759-680a784168c2,Summer 2024/25,ba09f282-b759-47da-a8e6-777d83c23390,6957edd1-b96a-4069-9aaf-beabf3d4f112,"05 - ""C"" Grade",deepak_sharma,deepak_sharma,Deepak Sharma,Deepak Sharma,2.0,6.0,1,5,6.0,1,1,2024-10-12T12:30:00.0000000+11:00,33.333333333333336,83.33333333333333
fc1465b6-3c80-4b82-9759-680a784168c2,Summer 2024/25,ba09f282-b759-47da-a8e6-777d83c23390,6957edd1-b96a-4069-9aaf-beabf3d4f112,"05 - ""C"" Grade",feroz_hassan,feroz_hassan,Feroz Hassan,Feroz Hassan,4.0,19.0,4,17,19.0,4,4,2025-01-18T12:30:00.0000000+11:00,21.05263157894737,89.47368421052632
fc1465b6-3c80-4b82-9759-680a784168c2,Summer 2024/25,ba09f282-b759-47da-a8e6-777d83c23390,6957edd1-b96a-4069-9aaf-beabf3d4f112,"05 - ""C"" Grade",kieran_bhan,kieran_bhan,Kieran Bhan,Kieran Bhan,157.0,236.0,6,159,236.0,6,6,2025-02-08T12:30:00.0000000+11:00,66.52542372881356,67.37288135593221
fc1465b6-3c80-4b82-9759-680a784168c2,Summer 2024/25,ba09f282-b759-47da-a8e6-777d83c23390,6957edd1-b96a-4069-9aaf-beabf3d4f112,"05 - ""C"" Grade",nikhil_sawant,nikhil_sawant,Nikhil Sawant,Nikhil Sawant,62.0,72.0,1,45,72.0,1,1,2025-02-22T12:30:00.0000000+11:00,86.11111111111111,62.5
fc1465b6-3c80-4b82-9759-680a784168c2,Summer 2024/25,ba09f282-b759-47da-a8e6-777d83c23390,6957edd1-b96a-4069-9aaf-beabf3d4f112,"05 - ""C"" Grade",ravi_chowdary,ravi_chowdary,Ravi Chowdary,Ravi Chowdary,37.0,73.0,5,49,73.0,5,5,2025-02-22T12:30:00.0000000+11:00,50.68493150684932,67.12328767123287
fc1465b6-3c80-4b82-9759-680a784168c2,Summer 2024/25,ba09f282-b759-47da-a8e6-777d83c23390,6957edd1-b96a-4069-9aaf-beabf3d4f112,"05 - ""C"" Grade",raw_0ceda279_1aad_42cd_a342_75c5faf3ad14,raw_0ceda279_1aad_42cd_a342_75c5faf3ad14,Vineeth Yamani,Vineeth Yamani,66.0,135.0,3,100,135.0,3,3,2025-02-22T12:30:00.0000000+11:00,48.888888888888886,74.07407407407408
fc1465b6-3c80-4b82-9759-680a784168c2,Summer 2024/25,ba09f282-b759-47da-a8e6-777d83c23390,6957edd1-b96a-4069-9aaf-beabf3d4f112,"05 - ""C"" Grade",raw_100b60f9_15ab_4d35_9626_be4212a5d0e2,raw_100b60f9_15ab_4d35_9626_be4212a5d0e2,Rama Suravajjula,Rama Suravajjula,19.0,27.0,3,22,27.0,3,2,2024-12-14T12:30:00.0000000+11:00,70.37037037037037,81.48148148148148
fc1465b6-3c80-4b82-9759-680a784168c2,Summer 2024/25,ba09f282-b759-47da-a8e6-777d83c23390,6957edd1-b96a-4069-9aaf-beabf3d4f112,"05 - ""C"" Grade",raw_17d58ef7_cae1_444e_adba_71c74067872b,raw_17d58ef7_cae1_444e_adba_71c74067872b,Prasad Rahate,Prasad Rahate,14.0,44.0,2,35,44.0,2,2,2025-01-25T12:30:00.0000000+11:00,31.818181818181817,79.54545454545455
fc1465b6-3c80-4b82-9759-680a784168c2,Summer 2024/25,ba09f282-b759-47da-a8e6-777d83c23390,6957edd1-b96a-4069-9aaf-beabf3d4f112,"05 - ""C"" Grade",raw_232cc042_1e4c_423a_9190_e3432698c99d,raw_232cc042_1e4c_423a_9190_e3432698c99d,Reuben Sharan,Reuben Sharan,116.0,276.0,9,219,276.0,9,8,2025-02-22T12:30:00.0000000+11:00,42.028985507246375,79.34782608695652
fc1465b6-3c80-4b82-9759-680a784168c2,Summer 2024/25,ba09f282-b759-47da-a8e6-777d83c23390,6957edd1-b96a-4069-9aaf-beabf3d4f112,"05 - ""C"" Grade",raw_360868ba_5d2a_4f9f_9f3a_fff5756f3f85,raw_360868ba_5d2a_4f9f_9f3a_fff5756f3f85,Shandil Bhan,Shandil Bhan,16.0,25.0,1,19,25.0,1,1,2025-02-22T12:30:00.0000000+11:00,64.0,76.0
fc1465b6-3c80-4b82-9759-680a784168c2,Summer 2024/25,ba09f282-b759-47da-a8e6-777d83c23390,6957edd1-b96a-4069-9aaf-beabf3d4f112,"05 - ""C"" Grade",raw_36bd035f_14ab_4cff_9bbb_45289a642206,raw_36bd035f_14ab_4cff_9bbb_45289a642206,Yuvraj Maharaj,Yuvraj Maharaj,33.0,40.0,3,20,40.0,3,3,2025-02-08T12:30:00.0000000+11:00,82.5,50.0
fc1465b6-3c80-4b82-9759-680a784168c2,Summer 2024/25,ba09f282-b759-47da-a8e6-777d83c23390,6957edd1-b96a-4069-9aaf-beabf3d4f112,"05 - ""C"" Grade",raw_400e4752_f236_4ca7_93e9_fd8ebee6735e,raw_400e4752_f236_4ca7_93e9_fd8ebee6735e,Siddhanth Chaurasiya,Siddhanth Chaurasiya,38.0,114.0,4,89,114.0,4,3,2024-12-14T12:30:00.0000000+11:00,33.333333333333336,78.0701754385965
fc1465b6-3c80-4b82-9759-680a784168c2,Summer 2024/25,ba09f282-b759-47da-a8e6-777d83c23390,6957edd1-b96a-4069-9aaf-beabf3d4f112,"05 - ""C"" Grade",raw_661bdd19_e67a_4978_a255_36e16789ab1f,raw_661bdd19_e67a_4978_a255_36e16789ab1f,Nitin Tanwar,Nitin Tanwar,29.0,28.0,1,16,28.0,1,1,2025-01-11T12:30:00.0000000+11:00,103.57142857142857,57.142857142857146
fc1465b6-3c80-4b82-9759-680a784168c2,Summer 2024/25,ba09f282-b759-47da-a8e6-777d83c23390,6957edd1-b96a-4069-9aaf-beabf3d4f112,"05 - ""C"" Grade",raw_6b74d336_b105_407c_b4ef_f68e2fba7862,raw_6b74d336_b105_407c_b4ef_f68e2fba7862,Damandeep Sehra,Damandeep Sehra,98.0,159.0,3,106,159.0,3,3,2025-02-22T12:30:00.0000000+11:00,61.63522012578616,66.66666666666667
fc1465b6-3c80-4b82-9759-680a784168c2,Summer 2024/25,ba09f282-b759-47da-a8e6-777d83c23390,6957edd1-b96a-4069-9aaf-beabf3d4f112,"05 - ""C"" Grade",raw_7512873c_b6b6_49fe_80ff_3733b5abd044,raw_7512873c_b6b6_49fe_80ff_3733b5abd044,Mohaneesh Pitre,Mohaneesh Pitre,126.0,233.0,7,164,233.0,7,6,2025-02-22T12:30:00.0000000+11:00,54.07725321888412,70.3862660944206
fc1465b6-3c80-4b82-9759-680a784168c2,Summer 2024/25,ba09f282-b759-47da-a8e6-777d83c23390,6957edd1-b96a-4069-9aaf-beabf3d4f112,"05 - ""C"" Grade",raw_8a856bda_2a2c_416f_948f_f80829c83646,raw_8a856bda_2a2c_416f_948f_f80829c83646,Padmanabhan Srinivasan,Padmanabhan Srinivasan,0.0,2.0,2,2,2.0,2,2,2024-11-16T12:30:00.0000000+11:00,0.0,100.0
fc1465b6-3c80-4b82-9759-680a784168c2,Summer 2024/25,ba09f282-b759-47da-a8e6-777d83c23390,6957edd1-b96a-4069-9aaf-beabf3d4f112,"05 - ""C"" Grade",raw_8cc72ac1_93ab_43ad_a24f_fdcbf14da6a2,raw_8cc72ac1_93ab_43ad_a24f_fdcbf14da6a2,Kiran Tomy,Kiran Tomy,33.0,51.0,3,33,51.0,3,3,2025-01-25T12:30:00.0000000+11:00,64.70588235294117,64.70588235294117
fc1465b6-3c80-4b82-9759-680a784168c2,Summer 2024/25,ba09f282-b759-47da-a8e6-777d83c23390,6957edd1-b96a-4069-9aaf-beabf3d4f112,"05 - ""C"" Grade",raw_98be31d5_daf2_437b_8d94_e44170555a40,raw_98be31d5_daf2_437b_8d94_e44170555a40,Mayur Patil,Mayur Patil,22.0,42.0,2,31,42.0,2,2,2024-12-14T12:30:00.0000000+11:00,52.38095238095238,73.80952380952381
fc1465b6-3c80-4b82-9759-680a784168c2,Summer 2024/25,ba09f282-b759-47da-a8e6-777d83c23390,6957edd1-b96a-4069-9aaf-beabf3d4f112,"05 - ""C"" Grade",raw_a0711994_f960_4c71_bea5_c9dd9f3edd83,raw_a0711994_f960_4c71_bea5_c9dd9f3edd83,Bikash Naik,Bikash Naik,9.0,41.0,3,36,41.0,3,2,2024-12-14T12:30:00.0000000+11:00,21.951219512195124,87.8048780487805
fc1465b6-3c80-4b82-9759-680a784168c2,Summer 2024/25,ba09f282-b759-47da-a8e6-777d83c23390,6957edd1-b96a-4069-9aaf-beabf3d4f112,"05 - ""C"" Grade",raw_ab033f7b_82e2_4044_b0cb_9024cf56db51,raw_ab033f7b_82e2_4044_b0cb_9024cf56db51,Reuel Sharan,Reuel Sharan,56.0,126.0,3,97,126.0,3,2,2025-02-22T12:30:00.0000000+11:00,44.44444444444444,76.98412698412699
fc1465b6-3c80-4b82-9759-680a784168c2,Summer 2024/25,ba09f282-b759-47da-a8e6-777d83c23390,6957edd1-b96a-4069-9aaf-beabf3d4f112,"05 - ""C"" Grade",raw_cefd9f7d_2787_4b4c_9a13_4e1d0d434ff8,raw_cefd9f7d_2787_4b4c_9a13_4e1d0d434ff8,Siddhesh Jitendrabhai Vadapalli,Siddhesh Jitendrabhai Vadapalli,154.0,194.0,4,124,194.0,4,4,2025-02-08T12:30:00.0000000+11:00,79.38144329896907,63.91752577319588
fc1465b6-3c80-4b82-9759-680a784168c2,Summer 2024/25,ba09f282-b759-47da-a8e6-777d83c23390,6957edd1-b96a-4069-9aaf-beabf3d4f112,"05 - ""C"" Grade",raw_f6dd9552_fbc5_4490_ac27_b50ff948f8f5,raw_f6dd9552_fbc5_4490_ac27_b50ff948f8f5,Priyanshu Tomar,Priyanshu Tomar,25.0,166.0,3,150,166.0,3,3,2025-01-25T12:30:00.0000000+11:00,15.060240963855422,90.36144578313252
fc1465b6-3c80-4b82-9759-680a784168c2,Summer 2024/25,ba09f282-b759-47da-a8e6-777d83c23390,6957edd1-b96a-4069-9aaf-beabf3d4f112,"05 - ""C"" Grade",sandeep_gill,sandeep_gill,Sandeep Gill,Sandeep Gill,8.0,5.0,1,3,5.0,1,1,2024-11-16T12:30:00.0000000+11:00,160.0,60.0
fc1465b6-3c80-4b82-9759-680a784168c2,Summer 2024/25,ba09f282-b759-47da-a8e6-777d83c23390,6957edd1-b96a-4069-9aaf-beabf3d4f112,"05 - ""C"" Grade",shivnyl_naidu,shivnyl_naidu,Shivnyl Naidu,Shivnyl Naidu,31.0,95.0,1,81,95.0,1,1,2024-11-16T12:30:00.0000000+11:00,32.63157894736842,85.26315789473684
fc1465b6-3c80-4b82-9759-680a784168c2,Summer 2024/25,ba09f282-b759-47da-a8e6-777d83c23390,6957edd1-b96a-4069-9aaf-beabf3d4f112,"05 - ""C"" Grade",vinit_naidu,vinit_naidu,Vinit Naidu,Vinit Naidu,61.0,101.0,2,76,101.0,2,2,2025-02-22T12:30:00.0000000+11:00,60.396039603960396,75.24752475247524
fc1465b6-3c80-4b82-9759-680a784168c2,Summer 2024/25,ba09f282-b759-47da-a8e6-777d83c23390,6957edd1-b96a-4069-9aaf-beabf3d4f112,"05 - ""C"" Grade",wajhi_syed,wajhi_syed,Wajhi Syed,Wajhi Syed,38.0,82.0,7,61,82.0,7,7,2025-02-22T12:30:00.0000000+11:00,46.34146341463415,74.39024390243902
