season_id,season,team_id,team_name,grade_id,grade_name,competition_id,competition_name
a826b403-b813-4318-9805-5bbe4cf7f238,Summer 2025/26,0490f2b9-f5e5-4d88-8a55-d60cea964fe4,Plenty  U11 Mixed,5beef526-f415-4900-9f09-609986ec57fb,U11 Sunday East,3bc0386d-7132-ec11-981f-501ac52e1666,Diamond Valley Cricket Association
a826b403-b813-4318-9805-5bbe4cf7f238,Summer 2025/26,ec679de7-07a7-4abe-aea7-d0fa03704fe0,Plenty  U13 Mixed,96bb05d9-64fe-4c81-a9e4-ce64608eb5b0,U13 East 2,3bc0386d-7132-ec11-981f-501ac52e1666,Diamond Valley Cricket Association
a826b403-b813-4318-9805-5bbe4cf7f238,Summer 2025/26,5dcab146-da17-4ff2-aefc-4d9e789d77e0,Plenty  U15 Mixed,c5026ad0-70b4-439c-a5df-79850b892aae,U15 East 1,3bc0386d-7132-ec11-981f-501ac52e1666,Diamond Valley Cricket Association
a826b403-b813-4318-9805-5bbe4cf7f238,Summer 2025/26,17969515-3e9e-42b0-a480-fd30e290b887,Plenty  U17,2ee6182b-bdea-4af4-9233-f9d949a94fe2,Junior Summer Smash - North & South,3bc0386d-7132-ec11-981f-501ac52e1666,Diamond Valley Cricket Association
a826b403-b813-4318-9805-5bbe4cf7f238,Summer 2025/26,8bf1e746-8bf2-46e7-adb8-ae7453fd4e97,Plenty  U17 Mixed,c8f90a70-4d36-448e-af0b-378105753a69,U17 East,3bc0386d-7132-ec11-981f-501ac52e1666,Diamond Valley Cricket Association
a826b403-b813-4318-9805-5bbe4cf7f238,Summer 2025/26,047f338d-4981-4ef3-b8a1-ad7e9964bbf0,Plenty  U9 Mixed,688bcf07-f8c5-4909-951e-48b37ea1ead4,U9 Sunday West,3bc0386d-7132-ec11-981f-501ac52e1666,Diamond Valley Cricket Association
a826b403-b813-4318-9805-5bbe4cf7f238,Summer 2025/26,f0dd977d-68b8-414e-a7b9-c871f4ea20f8,Plenty 1st XI,1141917b-7bd0-442f-be63-7b5b347f6c7c,02 - Tonkin Legal Family Law Money Shield,3bc0386d-7132-ec11-981f-501ac52e1666,Diamond Valley Cricket Association
a826b403-b813-4318-9805-5bbe4cf7f238,Summer 2025/26,217b069b-fbfa-4b57-9c22-4acf5a42c61a,Plenty 2nd XI,cae43cb2-462c-47c0-93cf-2da620def7ad,04 - B Grade,3bc0386d-7132-ec11-981f-501ac52e1666,Diamond Valley Cricket Association
a826b403-b813-4318-9805-5bbe4cf7f238,Summer 2025/26,e2208ce5-e4dd-473a-94dd-b4d970a2661f,Plenty 3rd XI,cebd10b6-c003-4be7-aadf-774a72aa9e75,10 - G1 East,3bc0386d-7132-ec11-981f-501ac52e1666,Diamond Valley Cricket Association
a826b403-b813-4318-9805-5bbe4cf7f238,Summer 2025/26,a4d4e7a4-7685-4c64-a631-c92596fd8adf,Plenty Cricket Club,92fe9d0b-2322-422d-a74b-1d54ccc4ec00,02 - Money Shield - SUMMER SMASH,3bc0386d-7132-ec11-981f-501ac52e1666,Diamond Valley Cricket Association
fc1465b6-3c80-4b82-9759-680a784168c2,Summer 2024/25,6e2dcecc-c88a-4ce1-8f10-3ea5def43e4f,Blue,c1e36aca-9e1d-4e9d-9f60-06be710f7687,U14 Teal,3bc0386d-7132-ec11-981f-501ac52e1666,Diamond Valley Cricket Association
fc1465b6-3c80-4b82-9759-680a784168c2,Summer 2024/25,144a79e1-4fb7-4dfa-91f0-7dd31483a65c,Gold,9447d801-71a8-4539-8309-446dc63cf2bb,U14 White,3bc0386d-7132-ec11-981f-501ac52e1666,Diamond Valley Cricket Association
fc1465b6-3c80-4b82-9759-680a784168c2,Summer 2024/25,828f8e0e-36d7-4d21-a832-fe7a495ef91f,Plenty  U10,08f70312-4d69-4b6d-ac81-4bdb9cc6a281,U10 Yellow Zone 3,3bc0386d-7132-ec11-981f-501ac52e1666,Diamond Valley Cricket Association
fc1465b6-3c80-4b82-9759-680a784168c2,Summer 2024/25,5133ce84-1919-4f7d-905d-9c3c235d594f,Plenty  U16,381420ae-0a96-48f8-b780-92bca1874143,U16 Red,3bc0386d-7132-ec11-981f-501ac52e1666,Diamond Valley Cricket Association
fc1465b6-3c80-4b82-9759-680a784168c2,Summer 2024/25,a6c45eb6-fe63-4103-8e64-49736c605800,Plenty 1st XI,2f756096-4906-42d8-80b9-41497355d288,02 - Money Shield,3bc0386d-7132-ec11-981f-501ac52e1666,Diamond Valley Cricket Association
fc1465b6-3c80-4b82-9759-680a784168c2,Summer 2024/25,b147385c-2062-4d09-a4ba-1a41ca84a216,Plenty 2nd XI,3b8845c8-a53f-40ce-806c-880b32759441,B Grade,3bc0386d-7132-ec11-981f-501ac52e1666,Diamond Valley Cricket Association
fc1465b6-3c80-4b82-9759-680a784168c2,Summer 2024/25,244e4bda-f659-47e5-86e4-4c9bafa2b6a6,Plenty 3rd XI,725ebfe9-c84a-4ab6-9b49-6f94cf56f107,F1 Grade,3bc0386d-7132-ec11-981f-501ac52e1666,Diamond Valley Cricket Association
fc1465b6-3c80-4b82-9759-680a784168c2,Summer 2024/25,45321292-0dc6-4b26-b41b-3efb985abbf1,Plenty 4th XI,6ae8ca89-49cd-4897-9985-39627a691a1a,G1 East,3bc0386d-7132-ec11-981f-501ac52e1666,Diamond Valley Cricket Association
fc1465b6-3c80-4b82-9759-680a784168c2,Summer 2024/25,ffcd00e7-6c75-412a-81c3-226e83c5a91e,Plenty Cricket Club,97cb7378-ab26-4108-8f05-16d3988f97d5,Money Shield - LOANS SORTED SUMMER SMASH,3bc0386d-7132-ec11-981f-501ac52e1666,Diamond Valley Cricket Association
f8ebef3a-ba2d-48c4-95f8-0b13d067e817,Summer 2023/24,c3acdbb6-2990-4f6e-a73d-bc6e8c5f9a2e,Plenty 1st XI,8a08c1cb-b963-458b-aee5-4f7509dacdc6,02 - Money Shield,3bc0386d-7132-ec11-981f-501ac52e1666,Diamond Valley Cricket Association
f8ebef3a-ba2d-48c4-95f8-0b13d067e817,Summer 2023/24,95cbde6d-6d16-41f2-b70d-4483aeaf723a,Plenty 2nd XI,bf9bf991-af18-4284-becc-7c98cbac4333,C Grade,3bc0386d-7132-ec11-981f-501ac52e1666,Diamond Valley Cricket Association
f8ebef3a-ba2d-48c4-95f8-0b13d067e817,Summer 2023/24,4dea1ddd-c2a6-4c36-9686-1ecda9a27944,Plenty 3rd XI,59ba7871-d402-42fa-b742-ea1fe5df52ed,F2 Grade,3bc0386d-7132-ec11-981f-501ac52e1666,Diamond Valley Cricket Association
f8ebef3a-ba2d-48c4-95f8-0b13d067e817,Summer 2023/24,6d1aa453-26ad-460f-9b0d-4eb9acd5a7b6,Plenty 4th XI,c59975c6-549f-4d30-880f-0abe591a5ceb,F3 Grade,3bc0386d-7132-ec11-981f-501ac52e1666,Diamond Valley Cricket Association
f8ebef3a-ba2d-48c4-95f8-0b13d067e817,Summer 2023/24,c81c5140-d984-4a38-8300-176649d9e531,Red,67a303c3-8a17-44cb-819b-2ae47de34536,U12 Teal,3bc0386d-7132-ec11-981f-501ac52e1666,Diamond Valley Cricket Association
f8ebef3a-ba2d-48c4-95f8-0b13d067e817,Summer 2023/24,8c70776b-1656-4891-a52a-5bbe2f1bd969,Red,1995dd33-74b7-47ec-8e0d-e7cb1276f262,U16 Blue,3bc0386d-7132-ec11-981f-501ac52e1666,Diamond Valley Cricket Association
f8ebef3a-ba2d-48c4-95f8-0b13d067e817,Summer 2023/24,a5cd51db-6b50-488a-b5ea-f14c19adaa9b,Red,5f79d372-13ff-4bd9-b31d-d3588e22bb59,U14 White,3bc0386d-7132-ec11-981f-501ac52e1666,Diamond Valley Cricket Association
f8ebef3a-ba2d-48c4-95f8-0b13d067e817,Summer 2023/24,480df9e2-9f79-4f85-8b02-5924182a94c0,White,b0e9d400-4d86-49d0-8eea-962730d89689,U12 White East,3bc0386d-7132-ec11-981f-501ac52e1666,Diamond Valley Cricket Association
f8ebef3a-ba2d-48c4-95f8-0b13d067e817,Summer 2023/24,98478a37-a947-4427-981c-7209c154a9ae,White,4f7afaa1-5edd-4876-855a-da380ceaa9ea,U14 Red,3bc0386d-7132-ec11-981f-501ac52e1666,Diamond Valley Cricket Association
3e3a72f9-34fa-49f5-a42e-35d86629a3af,Summer 2022/23,c145d17b-ba25-4d25-afb6-6c07af4961af,D Grade,c0e498b7-287c-40a2-82b6-56c184b4a838,D Grade,3bc0386d-7132-ec11-981f-501ac52e1666,Diamond Valley Cricket Association
3e3a72f9-34fa-49f5-a42e-35d86629a3af,Summer 2022/23,9870af33-81b8-40d7-83f6-7b419e279c53,F2 Grade,eea548ea-c431-41c7-9ea9-f62245dcf2af,F2 Grade,3bc0386d-7132-ec11-981f-501ac52e1666,Diamond Valley Cricket Association
3e3a72f9-34fa-49f5-a42e-35d86629a3af,Summer 2022/23,155c60a0-118a-4085-a457-9f555d53ebbb,G2 Grade,2253317c-b6cf-4bc2-b7b6-e2ba174554bb,G2 Grade,3bc0386d-7132-ec11-981f-501ac52e1666,Diamond Valley Cricket Association
3e3a72f9-34fa-49f5-a42e-35d86629a3af,Summer 2022/23,1e6c2858-1f5b-4e39-b378-6cfceef6626e,Money Shield,5aaa6d8f-6a09-46e9-b9fd-35a9a9078d7b,Money Shield,3bc0386d-7132-ec11-981f-501ac52e1666,Diamond Valley Cricket Association
3e3a72f9-34fa-49f5-a42e-35d86629a3af,Summer 2022/23,193dbb8e-368e-4f8e-bad1-1d82a268fddf,U10 Yellow East,1d42c02e-7247-460b-9644-09fe2339f09d,U10 Yellow East,3bc0386d-7132-ec11-981f-501ac52e1666,Diamond Valley Cricket Association
3e3a72f9-34fa-49f5-a42e-35d86629a3af,Summer 2022/23,f3bc00ee-edb1-4bfd-b40a-2c6fe8abe79b,U12 Blue,3937b923-154f-4ecb-9c63-349bef35334b,U12 Blue,3bc0386d-7132-ec11-981f-501ac52e1666,Diamond Valley Cricket Association
3e3a72f9-34fa-49f5-a42e-35d86629a3af,Summer 2022/23,82766e7f-0ef7-4638-ba7a-54faef6e61f7,U12 Red East,067b1c02-1995-43dd-bb2a-055288dfae03,U12 Red East,3bc0386d-7132-ec11-981f-501ac52e1666,Diamond Valley Cricket Association
3e3a72f9-34fa-49f5-a42e-35d86629a3af,Summer 2022/23,14b74f11-10a4-4ad6-9ed2-5319a844d031,U12 White East,ad0a0211-889e-46d9-8faf-b8231ab8beca,U12 White East,3bc0386d-7132-ec11-981f-501ac52e1666,Diamond Valley Cricket Association
3e3a72f9-34fa-49f5-a42e-35d86629a3af,Summer 2022/23,ac6d7020-8e43-4482-b2c5-341aecbeb1c1,U14 Blue,41b08719-9b18-4251-a57a-a516552e2888,U14 Blue,3bc0386d-7132-ec11-981f-501ac52e1666,Diamond Valley Cricket Association
3e3a72f9-34fa-49f5-a42e-35d86629a3af,Summer 2022/23,528e04bd-9953-4941-a8f4-163f760710e9,U14 White,5c147f86-6534-4dc6-8565-68b2775e9758,U14 White,3bc0386d-7132-ec11-981f-501ac52e1666,Diamond Valley Cricket Association
3e3a72f9-34fa-49f5-a42e-35d86629a3af,Summer 2022/23,0cb4d530-20ff-4680-8010-c5de1c8d0a36,U16 Blue,03cec392-e1e1-4102-b655-aaa38393dc1d,U16 Blue,3bc0386d-7132-ec11-981f-501ac52e1666,Diamond Valley Cricket Association
3e3a72f9-34fa-49f5-a42e-35d86629a3af,Summer 2022/23,994f8179-e644-4a8a-92a7-c8bf530be096,North Region Senior T20,c836e353-a257-4c37-b2a4-1f0800ea9df6,North Region Senior T20,e6bf8d70-5c32-ec11-981f-501ac52e1666,Northern Region T20
aad2a6fe-7bbd-4680-a386-01319b828522,Summer 2021/22,58d671aa-378e-48d7-895f-d76b303f5724,D Grade,c3606e91-dc57-4320-98c7-6916fa07b188,D Grade,3bc0386d-7132-ec11-981f-501ac52e1666,Diamond Valley Cricket Association
aad2a6fe-7bbd-4680-a386-01319b828522,Summer 2021/22,77a63118-e00e-4655-9356-d72576c8a93a,F2 Grade,2fa7ad3c-ce91-4f4d-8102-bfdc25244609,F2 Grade,3bc0386d-7132-ec11-981f-501ac52e1666,Diamond Valley Cricket Association
aad2a6fe-7bbd-4680-a386-01319b828522,Summer 2021/22,4e3160de-402d-4641-b914-9d101117f8b4,G3 Grade,435024aa-ce22-4ab7-9d73-af4f4b1a041b,G3 Grade,3bc0386d-7132-ec11-981f-501ac52e1666,Diamond Valley Cricket Association
aad2a6fe-7bbd-4680-a386-01319b828522,Summer 2021/22,38677e41-7371-49a3-87b5-416333da1a7e,Money Shield,90087b04-a080-43b4-884a-696c24cf649b,Money Shield,3bc0386d-7132-ec11-981f-501ac52e1666,Diamond Valley Cricket Association
aad2a6fe-7bbd-4680-a386-01319b828522,Summer 2021/22,3f953d48-e5c1-4692-93f7-6adc67961dce,U10 Red West,03844286-2218-400b-b075-ae21f8aa754b,U10 Red West,3bc0386d-7132-ec11-981f-501ac52e1666,Diamond Valley Cricket Association
aad2a6fe-7bbd-4680-a386-01319b828522,Summer 2021/22,6dceb375-394b-4d7e-b997-be33d43889ae,U10 Yellow Nillumbik,6e763715-1641-4f62-93f9-4c71ba09d6c9,U10 Yellow Nillumbik,3bc0386d-7132-ec11-981f-501ac52e1666,Diamond Valley Cricket Association
aad2a6fe-7bbd-4680-a386-01319b828522,Summer 2021/22,a87892cf-2ccf-47fc-bf59-7fce0aa6144d,U12 Red West,cd2b1cb0-113d-43b5-b143-42b5c42506f0,U12 Red West,3bc0386d-7132-ec11-981f-501ac52e1666,Diamond Valley Cricket Association
aad2a6fe-7bbd-4680-a386-01319b828522,Summer 2021/22,64877a77-5260-40cb-b856-99fd5002d87a,U12 Teal,6789c7f6-9f5b-43ab-a2e5-b3e318c4e7ae,U12 Teal,3bc0386d-7132-ec11-981f-501ac52e1666,Diamond Valley Cricket Association
aad2a6fe-7bbd-4680-a386-01319b828522,Summer 2021/22,a4e15f54-6182-4278-a035-c440aa912ce4,U12 Teal,6789c7f6-9f5b-43ab-a2e5-b3e318c4e7ae,U12 Teal,3bc0386d-7132-ec11-981f-501ac52e1666,Diamond Valley Cricket Association
aad2a6fe-7bbd-4680-a386-01319b828522,Summer 2021/22,b6f8ff91-2a4a-4aae-a50e-5bab9a60fd89,U14 Teal,021e1fa7-a8b0-4482-9a92-5aaad62b7a17,U14 Teal,3bc0386d-7132-ec11-981f-501ac52e1666,Diamond Valley Cricket Association
aad2a6fe-7bbd-4680-a386-01319b828522,Summer 2021/22,2206407c-849a-4bd8-8333-7be6a50ab65c,U14 Teal,021e1fa7-a8b0-4482-9a92-5aaad62b7a17,U14 Teal,3bc0386d-7132-ec11-981f-501ac52e1666,Diamond Valley Cricket Association
aad2a6fe-7bbd-4680-a386-01319b828522,Summer 2021/22,46b06098-5210-4f58-ac03-33e7d8488fc2,U14 Teal (1),11a55eea-0adc-4a1d-aa7a-f9a31e2fd743,U14 Teal (1),3bc0386d-7132-ec11-981f-501ac52e1666,Diamond Valley Cricket Association
aad2a6fe-7bbd-4680-a386-01319b828522,Summer 2021/22,0bea4ea1-7f96-4405-98d1-389da2c9d214,U14 Teal (1),11a55eea-0adc-4a1d-aa7a-f9a31e2fd743,U14 Teal (1),3bc0386d-7132-ec11-981f-501ac52e1666,Diamond Valley Cricket Association
aad2a6fe-7bbd-4680-a386-01319b828522,Summer 2021/22,3dcf51d9-7791-4210-9aca-da3ad04f92a9,U16 Teal,08bdd822-04ef-40c4-af62-dd386a69ce94,U16 Teal,3bc0386d-7132-ec11-981f-501ac52e1666,Diamond Valley Cricket Association
aad2a6fe-7bbd-4680-a386-01319b828522,Summer 2021/22,044a01b2-b9f5-44b3-8d43-153bfe56defe,U16 White,804c0456-b85b-41f7-ab95-ed819b0eb400,U16 White,3bc0386d-7132-ec11-981f-501ac52e1666,Diamond Valley Cricket Association
aad2a6fe-7bbd-4680-a386-01319b828522,Summer 2021/22,c198f301-845c-4888-9440-925562454eed,North Region Senior T20,6e965646-b8a4-4534-8a22-7ea80a095b81,North Region Senior T20,e6bf8d70-5c32-ec11-981f-501ac52e1666,Northern Region T20
a387270b-f2fd-4e48-9334-b7f9b59589a5,Summer 2020/21,759c51bc-ee98-4bcd-a7d6-d8f858313a1e,Barclay Shield,fea073bb-0a60-4b70-9511-f9abe26ab4e9,Barclay Shield,3bc0386d-7132-ec11-981f-501ac52e1666,Diamond Valley Cricket Association
a387270b-f2fd-4e48-9334-b7f9b59589a5,Summer 2020/21,56db6916-c6a2-48b0-9fa1-f46be3d4c8d0,D Grade,e68b3b61-f384-4505-89ab-324efc3d316e,D Grade,3bc0386d-7132-ec11-981f-501ac52e1666,Diamond Valley Cricket Association
a387270b-f2fd-4e48-9334-b7f9b59589a5,Summer 2020/21,be6ab289-e7bb-45c6-8420-5940df0f16b8,F2 Grade,1d28870c-8f4f-4d64-8ea6-dff1b8a4e0f4,F2 Grade,3bc0386d-7132-ec11-981f-501ac52e1666,Diamond Valley Cricket Association
a387270b-f2fd-4e48-9334-b7f9b59589a5,Summer 2020/21,e7f7b64c-2633-4cd3-8220-ae96e8444d45,G3 Grade,c4c38c1e-85a2-4f39-a60a-1d218215e717,G3 Grade,3bc0386d-7132-ec11-981f-501ac52e1666,Diamond Valley Cricket Association
a387270b-f2fd-4e48-9334-b7f9b59589a5,Summer 2020/21,0071b3d7-1061-458a-b816-0f91971c850c,U10 Red East,d706aba4-698b-4c25-a61d-81896c7ee489,U10 Red East,3bc0386d-7132-ec11-981f-501ac52e1666,Diamond Valley Cricket Association
a387270b-f2fd-4e48-9334-b7f9b59589a5,Summer 2020/21,6a09f4b7-fd97-4417-a458-5c2c2e6aeb6c,U10 Red East,d706aba4-698b-4c25-a61d-81896c7ee489,U10 Red East,3bc0386d-7132-ec11-981f-501ac52e1666,Diamond Valley Cricket Association
a387270b-f2fd-4e48-9334-b7f9b59589a5,Summer 2020/21,43f1c82c-ac1d-4f19-83b5-fee3adf198f1,U12 Blue,0bedf617-81d7-4924-88d3-c0c42fb8cd66,U12 Blue,3bc0386d-7132-ec11-981f-501ac52e1666,Diamond Valley Cricket Association
a387270b-f2fd-4e48-9334-b7f9b59589a5,Summer 2020/21,7cd743b2-637b-4028-bbff-f11ef0cdb149,U12 Red Nillumbik,acc74083-ee02-4fe7-a7f7-46e3c87c2fe5,U12 Red Nillumbik,3bc0386d-7132-ec11-981f-501ac52e1666,Diamond Valley Cricket Association
a387270b-f2fd-4e48-9334-b7f9b59589a5,Summer 2020/21,eb3b41fe-f943-4f8a-9146-b5c0fb8ffa9e,U12 White Nillumbik,949be288-0be4-47f2-ae95-883dc24e7420,U12 White Nillumbik,3bc0386d-7132-ec11-981f-501ac52e1666,Diamond Valley Cricket Association
a387270b-f2fd-4e48-9334-b7f9b59589a5,Summer 2020/21,cf048fd8-6545-4285-ad88-ee30d0fb81a6,U14 Blue,55f4103a-f618-47fe-92d1-77b1b4681b6e,U14 Blue,3bc0386d-7132-ec11-981f-501ac52e1666,Diamond Valley Cricket Association
a387270b-f2fd-4e48-9334-b7f9b59589a5,Summer 2020/21,8fdf234f-fb6f-4c6c-8428-d8fe9b721322,U14 Red,331b5f10-b3a6-45e6-b9e3-afd4019edb2e,U14 Red,3bc0386d-7132-ec11-981f-501ac52e1666,Diamond Valley Cricket Association
a387270b-f2fd-4e48-9334-b7f9b59589a5,Summer 2020/21,05c32466-9e78-407a-b2d7-d7f08f95ae7b,U14 Red - Nillumbik/Whittlesea,5d5e3623-620e-46bc-9fce-e0a77bcd3fc1,U14 Red - Nillumbik/Whittlesea,3bc0386d-7132-ec11-981f-501ac52e1666,Diamond Valley Cricket Association
a387270b-f2fd-4e48-9334-b7f9b59589a5,Summer 2020/21,7a6b7407-e7e0-4dcc-821c-3e4b6cdcd280,U14 Teal (1),2814489c-e337-471f-acb5-a2ca01444dd8,U14 Teal (1),3bc0386d-7132-ec11-981f-501ac52e1666,Diamond Valley Cricket Association
a387270b-f2fd-4e48-9334-b7f9b59589a5,Summer 2020/21,5bcdd2aa-bfe7-49c7-8393-33143dbb9ba2,U16 White,074aa8d5-995e-46ba-9ac1-7870846b93a2,U16 White,3bc0386d-7132-ec11-981f-501ac52e1666,Diamond Valley Cricket Association
a387270b-f2fd-4e48-9334-b7f9b59589a5,Summer 2020/21,95b4d1e4-8e83-4410-a5c7-ac9ec0129e0f,North Region Senior T20,92ee4c0c-f0c0-4c35-b9ca-a0bd11cd1f09,North Region Senior T20,e6bf8d70-5c32-ec11-981f-501ac52e1666,Northern Region T20
95aa262f-30aa-4e11-8296-3a374a9fa3aa,Summer 2019/20,997f5ae7-8f4c-443e-8b3d-dfca9c880517,Barclay Shield,66001f4a-b338-4b3a-9057-286e964994d1,Barclay Shield,3bc0386d-7132-ec11-981f-501ac52e1666,Diamond Valley Cricket Association
95aa262f-30aa-4e11-8296-3a374a9fa3aa,Summer 2019/20,7744abdf-ec91-4019-9230-701a1a990120,D Grade,40a707b1-5763-49b0-ab78-00482c1c4ad2,D Grade,3bc0386d-7132-ec11-981f-501ac52e1666,Diamond Valley Cricket Association
95aa262f-30aa-4e11-8296-3a374a9fa3aa,Summer 2019/20,0101844a-7faf-412a-96ab-4e92cb732ec1,F3 Grade,62b190e2-5499-43e1-8121-26a8aa62fa80,F3 Grade,3bc0386d-7132-ec11-981f-501ac52e1666,Diamond Valley Cricket Association
95aa262f-30aa-4e11-8296-3a374a9fa3aa,Summer 2019/20,3a7bb3b9-cacd-478f-93b2-b4bf643b0d2b,G2 Grade,84bd0356-1760-4a53-a453-662114f1d285,G2 Grade,3bc0386d-7132-ec11-981f-501ac52e1666,Diamond Valley Cricket Association
95aa262f-30aa-4e11-8296-3a374a9fa3aa,Summer 2019/20,64983e11-feb7-4c99-b138-a1ce9ba1707b,Renegades Girls - DVCA Level 1,fee14846-0b4b-47ab-b40d-41fdedc4d314,Renegades Girls - DVCA Level 1,3bc0386d-7132-ec11-981f-501ac52e1666,Diamond Valley Cricket Association
95aa262f-30aa-4e11-8296-3a374a9fa3aa,Summer 2019/20,c5650329-f3ab-43b2-9439-04cb39531dba,U10 (Level 1) - Red,3421227c-d039-4ac1-a40f-8ef227f9f7b0,U10 (Level 1) - Red,3bc0386d-7132-ec11-981f-501ac52e1666,Diamond Valley Cricket Association
95aa262f-30aa-4e11-8296-3a374a9fa3aa,Summer 2019/20,48facac9-919d-4a35-b07b-7823a2bbb69e,U10 Yellow West,60ebce57-1c80-4a36-a2dd-212e2fbbeace,U10 Yellow West,3bc0386d-7132-ec11-981f-501ac52e1666,Diamond Valley Cricket Association
95aa262f-30aa-4e11-8296-3a374a9fa3aa,Summer 2019/20,db8085a9-4190-48a4-931e-86ca4165c5a3,U10 Yellow West,60ebce57-1c80-4a36-a2dd-212e2fbbeace,U10 Yellow West,3bc0386d-7132-ec11-981f-501ac52e1666,Diamond Valley Cricket Association
95aa262f-30aa-4e11-8296-3a374a9fa3aa,Summer 2019/20,09805216-dd47-4b2e-b04e-f27e23ec9421,U10 Yellow West,60ebce57-1c80-4a36-a2dd-212e2fbbeace,U10 Yellow West,3bc0386d-7132-ec11-981f-501ac52e1666,Diamond Valley Cricket Association
95aa262f-30aa-4e11-8296-3a374a9fa3aa,Summer 2019/20,5df03c5e-929f-464d-b25f-3ec7da0db5cb,U12 Blue,f50f66f4-1253-4212-a79b-74308c4a3e53,U12 Blue,3bc0386d-7132-ec11-981f-501ac52e1666,Diamond Valley Cricket Association
95aa262f-30aa-4e11-8296-3a374a9fa3aa,Summer 2019/20,59519fbb-56c9-4386-8ba9-d97d9c6de456,U12 Red B,5bf23160-4211-4d42-bc07-0ee18aa3be36,U12 Red B,3bc0386d-7132-ec11-981f-501ac52e1666,Diamond Valley Cricket Association
95aa262f-30aa-4e11-8296-3a374a9fa3aa,Summer 2019/20,32a0f108-797f-45c9-8601-fa3ddbd16398,U12 Red C,e809a7af-a637-4325-a4e2-1ecb0e543d2b,U12 Red C,3bc0386d-7132-ec11-981f-501ac52e1666,Diamond Valley Cricket Association
95aa262f-30aa-4e11-8296-3a374a9fa3aa,Summer 2019/20,6d19d368-f2d6-47b9-a80b-f1e6e70b05e9,U12 Teal,aca16e1b-a1f7-4564-b477-d8dc2f49522c,U12 Teal,3bc0386d-7132-ec11-981f-501ac52e1666,Diamond Valley Cricket Association
95aa262f-30aa-4e11-8296-3a374a9fa3aa,Summer 2019/20,3d271203-9190-4ffe-8d86-e64270e011c8,U12 White,83ab5cf0-7f84-4f64-91bc-41d4945ce85e,U12 White,3bc0386d-7132-ec11-981f-501ac52e1666,Diamond Valley Cricket Association
95aa262f-30aa-4e11-8296-3a374a9fa3aa,Summer 2019/20,7ff422bc-e247-4ad7-94c4-3072aea456df,U14 Red,91486bd4-bf1b-453e-b007-4882c8ca716e,U14 Red,3bc0386d-7132-ec11-981f-501ac52e1666,Diamond Valley Cricket Association
95aa262f-30aa-4e11-8296-3a374a9fa3aa,Summer 2019/20,b7015d8f-a1a4-49f6-b74e-b2b1eb2d997e,U14 Red,91486bd4-bf1b-453e-b007-4882c8ca716e,U14 Red,3bc0386d-7132-ec11-981f-501ac52e1666,Diamond Valley Cricket Association
95aa262f-30aa-4e11-8296-3a374a9fa3aa,Summer 2019/20,0ca73032-5541-486e-9068-b8c68e5f314d,U14 Yellow,570a87a0-3d57-4c65-9cd2-f93b1187af4b,U14 Yellow,3bc0386d-7132-ec11-981f-501ac52e1666,Diamond Valley Cricket Association
95aa262f-30aa-4e11-8296-3a374a9fa3aa,Summer 2019/20,ed8e8268-b26a-4f18-8dbd-b8a1de4e8520,U16 Blue,5c22d255-2bdb-4ccc-8bd8-dd4773b291cd,U16 Blue,3bc0386d-7132-ec11-981f-501ac52e1666,Diamond Valley Cricket Association
95aa262f-30aa-4e11-8296-3a374a9fa3aa,Summer 2019/20,30505a3a-9f06-4341-8c7e-edcea8267184,U16 Teal,dcddc6bb-8c38-4ff3-8a91-ae23dc7e13cf,U16 Teal,3bc0386d-7132-ec11-981f-501ac52e1666,Diamond Valley Cricket Association
95aa262f-30aa-4e11-8296-3a374a9fa3aa,Summer 2019/20,be443063-7dfc-4151-9c12-a924a6fa0fb3,North Region Senior T20,9e8a24ea-6095-41d8-bab4-29bd2298b6db,North Region Senior T20,e6bf8d70-5c32-ec11-981f-501ac52e1666,Northern Region T20
fec2e604-1806-4e0f-861e-b7ee37643f96,Summer 2018/19,5d0a73fe-c0de-4d5c-9bd8-3827ba013683,Barclay Shield,359528d3-2d69-4dec-be56-3611c500c823,Barclay Shield,3bc0386d-7132-ec11-981f-501ac52e1666,Diamond Valley Cricket Association
fec2e604-1806-4e0f-861e-b7ee37643f96,Summer 2018/19,b72cec00-aee9-440d-8e92-d61e6278142b,C Grade,e327d851-9a4b-4602-85e2-a21c427ec8f9,C Grade,3bc0386d-7132-ec11-981f-501ac52e1666,Diamond Valley Cricket Association
fec2e604-1806-4e0f-861e-b7ee37643f96,Summer 2018/19,071bb331-558d-4e26-a380-12d1a22c1922,F3 Grade,443b9eb1-0135-4f87-8281-bedc16b3f06b,F3 Grade,3bc0386d-7132-ec11-981f-501ac52e1666,Diamond Valley Cricket Association
fec2e604-1806-4e0f-861e-b7ee37643f96,Summer 2018/19,7736da34-af51-4e97-98d2-38c8ba78251e,G3 Grade,18a628f0-604c-4cf4-bd41-c9eb4e978e6c,G3 Grade,3bc0386d-7132-ec11-981f-501ac52e1666,Diamond Valley Cricket Association
fec2e604-1806-4e0f-861e-b7ee37643f96,Summer 2018/19,6416c123-8076-45af-aff9-79e696e32152,Renegades Girls - DVCA Level 2,4bcf43c1-42b7-40e8-a3d9-607dbc5fe297,Renegades Girls - DVCA Level 2,3bc0386d-7132-ec11-981f-501ac52e1666,Diamond Valley Cricket Association
fec2e604-1806-4e0f-861e-b7ee37643f96,Summer 2018/19,cdacf4bf-1149-4025-944e-9f7f765807d1,U10 (Level 1) - Red,b09e6f60-5e56-4959-aa71-3e73382d1de5,U10 (Level 1) - Red,3bc0386d-7132-ec11-981f-501ac52e1666,Diamond Valley Cricket Association
fec2e604-1806-4e0f-861e-b7ee37643f96,Summer 2018/19,a5fad4cc-95fb-4e4e-8a54-56eafd0fd738,U12 Teal,73778806-7729-4385-91f9-83d1e9701784,U12 Teal,3bc0386d-7132-ec11-981f-501ac52e1666,Diamond Valley Cricket Association
fec2e604-1806-4e0f-861e-b7ee37643f96,Summer 2018/19,3ac4f33c-1043-4ff3-a8f0-b0b9c3c280f1,U12 White B,efb5729d-7434-43e5-b91b-baf79e5fb32c,U12 White B,3bc0386d-7132-ec11-981f-501ac52e1666,Diamond Valley Cricket Association
fec2e604-1806-4e0f-861e-b7ee37643f96,Summer 2018/19,72ec9c88-2a8a-416c-a253-7700ae5c118a,U12 Yellow B,caef38fa-dfb1-49fc-a6bf-b16c3abc1e91,U12 Yellow B,3bc0386d-7132-ec11-981f-501ac52e1666,Diamond Valley Cricket Association
fec2e604-1806-4e0f-861e-b7ee37643f96,Summer 2018/19,ba98a738-4fc7-4016-8d16-a99c35976c15,U14 Yellow,e11704d0-2631-4273-9155-33644dced5af,U14 Yellow,3bc0386d-7132-ec11-981f-501ac52e1666,Diamond Valley Cricket Association
fec2e604-1806-4e0f-861e-b7ee37643f96,Summer 2018/19,58cac55e-72d3-45a2-ba39-559d09bd4e50,U16 Teal,762f7526-179b-45f2-ae2e-4ab610f640ac,U16 Teal,3bc0386d-7132-ec11-981f-501ac52e1666,Diamond Valley Cricket Association
fec2e604-1806-4e0f-861e-b7ee37643f96,Summer 2018/19,270a9e66-32ca-4d55-935b-e2c5a9cbae6e,North Region Senior T20,c7ab1618-b090-459b-8d3c-4154a9dd8cc8,North Region Senior T20,e6bf8d70-5c32-ec11-981f-501ac52e1666,Northern Region T20
a9c25381-9a31-4bde-b3ff-4074ebed8044,Summer 2017/18,813697c8-e9ce-4690-9307-b08b5e646215,D Grade,959cb3e9-0190-4f22-b75b-6426125fd349,D Grade,3bc0386d-7132-ec11-981f-501ac52e1666,Diamond Valley Cricket Association
a9c25381-9a31-4bde-b3ff-4074ebed8044,Summer 2017/18,98d9732d-bea4-45da-9d24-b258f56b7d2d,F3 Grade,be23b54c-8882-41da-bffe-e7dcf0eb6a80,F3 Grade,3bc0386d-7132-ec11-981f-501ac52e1666,Diamond Valley Cricket Association
a9c25381-9a31-4bde-b3ff-4074ebed8044,Summer 2017/18,247bbade-764d-447f-9b19-e4911618b0b1,G4 Grade,b61bc4a5-6b8f-4556-9b77-dbfee1ddf9d8,G4 Grade,3bc0386d-7132-ec11-981f-501ac52e1666,Diamond Valley Cricket Association
a9c25381-9a31-4bde-b3ff-4074ebed8044,Summer 2017/18,dd403969-f2a7-470a-b806-07cf9382924b,Money Shield,7e96f32e-8534-47ee-91c2-3581f8e82a05,Money Shield,3bc0386d-7132-ec11-981f-501ac52e1666,Diamond Valley Cricket Association
a9c25381-9a31-4bde-b3ff-4074ebed8044,Summer 2017/18,42fd1bd1-a4e9-49e2-a5ee-a78b96c36587,Renegades Girls - DVCA Level 1,2f9b7a65-3b08-41d3-a8c3-e133c0b6f6b4,Renegades Girls - DVCA Level 1,3bc0386d-7132-ec11-981f-501ac52e1666,Diamond Valley Cricket Association
a9c25381-9a31-4bde-b3ff-4074ebed8044,Summer 2017/18,13dcea7b-816f-4ae9-889f-91d9ec63b42f,Renegades Girls - DVCA Level 2,1a4ac0ca-9ec5-4656-97ee-8a9f523b7a22,Renegades Girls - DVCA Level 2,3bc0386d-7132-ec11-981f-501ac52e1666,Diamond Valley Cricket Association
a9c25381-9a31-4bde-b3ff-4074ebed8044,Summer 2017/18,52017100-df72-42c3-ae63-63faf6e0a756,U10 Yellow Nillumbik,f37cc6f2-a296-4500-a01f-e208817eaa13,U10 Yellow Nillumbik,3bc0386d-7132-ec11-981f-501ac52e1666,Diamond Valley Cricket Association
a9c25381-9a31-4bde-b3ff-4074ebed8044,Summer 2017/18,1ac344c7-54aa-4543-88b8-feffeb13e81c,U10 Yellow Nillumbik,f37cc6f2-a296-4500-a01f-e208817eaa13,U10 Yellow Nillumbik,3bc0386d-7132-ec11-981f-501ac52e1666,Diamond Valley Cricket Association
a9c25381-9a31-4bde-b3ff-4074ebed8044,Summer 2017/18,8ede684b-b3ed-4373-8f87-0b3da6bcfbc1,U12 White B,a2bc14e4-68f7-4922-94d2-fecc1e58222d,U12 White B,3bc0386d-7132-ec11-981f-501ac52e1666,Diamond Valley Cricket Association
a9c25381-9a31-4bde-b3ff-4074ebed8044,Summer 2017/18,1e0153fa-0b8b-4117-b15a-ca0e0ae39d70,U12 Yellow,c6addf62-3763-4ad6-ac00-d9f609a4624c,U12 Yellow,3bc0386d-7132-ec11-981f-501ac52e1666,Diamond Valley Cricket Association
a9c25381-9a31-4bde-b3ff-4074ebed8044,Summer 2017/18,00d55be8-d43a-4f42-b8c7-0131ecd7a6e8,U14 Red,12401ddf-26a0-4a09-9e6d-6b98fe810eba,U14 Red,3bc0386d-7132-ec11-981f-501ac52e1666,Diamond Valley Cricket Association
a9c25381-9a31-4bde-b3ff-4074ebed8044,Summer 2017/18,5fd442b2-670c-4b5f-94be-5ff87a460b88,U16 Red,a308ea7a-bd80-417d-8217-6055760e34b6,U16 Red,3bc0386d-7132-ec11-981f-501ac52e1666,Diamond Valley Cricket Association
a9c25381-9a31-4bde-b3ff-4074ebed8044,Summer 2017/18,1f29d547-aff7-4d36-8274-73c6db9cdbc1,U16 Red,a308ea7a-bd80-417d-8217-6055760e34b6,U16 Red,3bc0386d-7132-ec11-981f-501ac52e1666,Diamond Valley Cricket Association
a9c25381-9a31-4bde-b3ff-4074ebed8044,Summer 2017/18,ae15772b-c1ee-48c1-b0f3-23931230a77f,North Region Senior T20,b35791c2-9b40-4227-8be2-e5e5d73d24c0,North Region Senior T20,e6bf8d70-5c32-ec11-981f-501ac52e1666,Northern Region T20
7ec61036-ef0f-434b-9cfb-d287d9f6ec26,Summer 2016/17,7f167643-457e-41c9-a280-ffdda89b851e,C Grade,774553db-094a-41c9-95d9-312d6c7efc03,C Grade,3bc0386d-7132-ec11-981f-501ac52e1666,Diamond Valley Cricket Association
7ec61036-ef0f-434b-9cfb-d287d9f6ec26,Summer 2016/17,5a8121f5-1922-4cd8-a0e1-8e10cbcf216f,G3 Grade,fbca0e0d-830f-431d-b37f-170ce5199992,G3 Grade,3bc0386d-7132-ec11-981f-501ac52e1666,Diamond Valley Cricket Association
7ec61036-ef0f-434b-9cfb-d287d9f6ec26,Summer 2016/17,0615bed4-8799-49e8-9730-107cf6375023,G4 Grade,68c95df7-eb73-4a2c-8d10-132490b7d2f8,G4 Grade,3bc0386d-7132-ec11-981f-501ac52e1666,Diamond Valley Cricket Association
7ec61036-ef0f-434b-9cfb-d287d9f6ec26,Summer 2016/17,1e26978f-0a84-4adc-818b-721aacf19f51,Money Shield,5ee5c1eb-4c6c-4834-9de8-cd6c6cba2446,Money Shield,3bc0386d-7132-ec11-981f-501ac52e1666,Diamond Valley Cricket Association
7ec61036-ef0f-434b-9cfb-d287d9f6ec26,Summer 2016/17,3628a280-27d5-4147-89f6-44945819dc9c,Renegades Girls - DVCA Level 2,ff29ea79-418d-4636-a821-4253eb7c7a9e,Renegades Girls - DVCA Level 2,3bc0386d-7132-ec11-981f-501ac52e1666,Diamond Valley Cricket Association
7ec61036-ef0f-434b-9cfb-d287d9f6ec26,Summer 2016/17,b2bfb130-1d12-4e55-a7df-33ee9dd71ed3,U10 (Level 1) - Yellow - Group C,608b1aaa-484d-4a9a-abc4-2ddd065830b7,U10 (Level 1) - Yellow - Group C,3bc0386d-7132-ec11-981f-501ac52e1666,Diamond Valley Cricket Association
7ec61036-ef0f-434b-9cfb-d287d9f6ec26,Summer 2016/17,81317fa4-6415-467a-a5fa-aa7dc14a4212,U10 Yellow West,70c9275d-04cf-4823-95e4-8225dbe751cc,U10 Yellow West,3bc0386d-7132-ec11-981f-501ac52e1666,Diamond Valley Cricket Association
7ec61036-ef0f-434b-9cfb-d287d9f6ec26,Summer 2016/17,cb89b012-c761-4360-80c5-fb3d1f0b0f17,U12 Teal,a1c640ec-e0cf-4b1b-98bc-006276314ceb,U12 Teal,3bc0386d-7132-ec11-981f-501ac52e1666,Diamond Valley Cricket Association
7ec61036-ef0f-434b-9cfb-d287d9f6ec26,Summer 2016/17,d971cf37-3a08-4f91-af10-7898daf4060c,U14 Blue,bdd4c4f5-0002-4422-9c72-2272d36cb173,U14 Blue,3bc0386d-7132-ec11-981f-501ac52e1666,Diamond Valley Cricket Association
7ec61036-ef0f-434b-9cfb-d287d9f6ec26,Summer 2016/17,0bbaf90f-c11c-4269-a852-785327ddc04b,U14 Teal (1),551cfdb3-28de-43f9-889c-b25e472d4092,U14 Teal (1),3bc0386d-7132-ec11-981f-501ac52e1666,Diamond Valley Cricket Association
7ec61036-ef0f-434b-9cfb-d287d9f6ec26,Summer 2016/17,33d27a41-0804-4193-b730-c2c10f06d736,U14 White,27d55ad8-ae30-433c-b77b-287e1a960016,U14 White,3bc0386d-7132-ec11-981f-501ac52e1666,Diamond Valley Cricket Association
7ec61036-ef0f-434b-9cfb-d287d9f6ec26,Summer 2016/17,d381927e-826c-47aa-ade7-b978e8aba562,U14 White D,50c51a4e-50fe-49ea-8e94-a2c865cab727,U14 White D,3bc0386d-7132-ec11-981f-501ac52e1666,Diamond Valley Cricket Association
7ec61036-ef0f-434b-9cfb-d287d9f6ec26,Summer 2016/17,b86ba97a-6d68-40b7-b18d-04a7e353cfa0,U16 Blue,435f80ad-929f-49d9-823f-8c9c448af00a,U16 Blue,3bc0386d-7132-ec11-981f-501ac52e1666,Diamond Valley Cricket Association
7ec61036-ef0f-434b-9cfb-d287d9f6ec26,Summer 2016/17,eeaab9e1-840d-4651-bb7a-93f08abe6e3f,U16 Yellow,0335ba2e-c73f-46d3-82b5-3780666399a4,U16 Yellow,3bc0386d-7132-ec11-981f-501ac52e1666,Diamond Valley Cricket Association
7ec61036-ef0f-434b-9cfb-d287d9f6ec26,Summer 2016/17,f2757cf0-6e3c-43c1-ba06-57b97b3b8d0f,North Region Senior T20,5f12c1fb-7508-4f30-aa21-f341bf6e9687,North Region Senior T20,e6bf8d70-5c32-ec11-981f-501ac52e1666,Northern Region T20
c097ba1c-ea65-4a1e-8945-ffe9f22c576a,Summer 2015/16,ce130786-31f2-4fe0-bb62-7175a5646a18,Barclay Shield,a08fcc62-fbb3-47e6-a594-578d2259b42b,Barclay Shield,3bc0386d-7132-ec11-981f-501ac52e1666,Diamond Valley Cricket Association
c097ba1c-ea65-4a1e-8945-ffe9f22c576a,Summer 2015/16,a9cef07b-25c3-4adc-9d3e-4090b42767a1,C Grade,1ff2b353-b76f-4f6c-aa41-b2dc6fb8d914,C Grade,3bc0386d-7132-ec11-981f-501ac52e1666,Diamond Valley Cricket Association
c097ba1c-ea65-4a1e-8945-ffe9f22c576a,Summer 2015/16,0c2000f5-8f02-4518-bdaa-930d9f2abb3b,H Grade,e4948266-7127-48f1-afb3-605a5f60465c,H Grade,3bc0386d-7132-ec11-981f-501ac52e1666,Diamond Valley Cricket Association
c097ba1c-ea65-4a1e-8945-ffe9f22c576a,Summer 2015/16,c016623d-d010-44d2-964e-b05e489a0148,U12 Modified,b55d1bd1-b57a-4803-b9af-81309c93a1d4,U12 Modified,3bc0386d-7132-ec11-981f-501ac52e1666,Diamond Valley Cricket Association
c097ba1c-ea65-4a1e-8945-ffe9f22c576a,Summer 2015/16,ae2ab31e-0fbd-4c66-9c85-00149a3fa3c7,U12 Teal South,1acae4ba-3e92-4f42-8c63-5584ef3bce9a,U12 Teal South,3bc0386d-7132-ec11-981f-501ac52e1666,Diamond Valley Cricket Association
c097ba1c-ea65-4a1e-8945-ffe9f22c576a,Summer 2015/16,d6eaf9ae-6c4a-4782-b08e-cb2443bbc27e,U12 White Teal,77509b22-8562-4141-820b-2d7b004b8ad2,U12 White Teal,3bc0386d-7132-ec11-981f-501ac52e1666,Diamond Valley Cricket Association
c097ba1c-ea65-4a1e-8945-ffe9f22c576a,Summer 2015/16,c735351d-8b89-4bc4-b2b6-13b95d922fdf,U14 Teal North,fb825749-34a4-4301-926b-156b25a4e7df,U14 Teal North,3bc0386d-7132-ec11-981f-501ac52e1666,Diamond Valley Cricket Association
c097ba1c-ea65-4a1e-8945-ffe9f22c576a,Summer 2015/16,c50e80d8-0f7f-4b29-ac54-6c7028dab4ab,U16 Teal,dd71460d-e7df-4a44-a263-1bd35abd8f0f,U16 Teal,3bc0386d-7132-ec11-981f-501ac52e1666,Diamond Valley Cricket Association
c097ba1c-ea65-4a1e-8945-ffe9f22c576a,Summer 2015/16,37b3ba4c-6820-4d4c-8d4f-535f9282caed,Vets A,7d8032e8-a66d-4557-8fc8-436eaab5f63a,Vets A,3bc0386d-7132-ec11-981f-501ac52e1666,Diamond Valley Cricket Association
c097ba1c-ea65-4a1e-8945-ffe9f22c576a,Summer 2015/16,2e31aeb4-9364-4483-a59a-1b8c003448bb,North Region Senior T20,7981329d-dd2e-40bb-969b-e10baf43f0a2,North Region Senior T20,e6bf8d70-5c32-ec11-981f-501ac52e1666,Northern Region T20
f7567eab-6090-4cf2-b14f-2874ae98667f,Summer 2014/15,e461a6cd-17dd-46c8-a5ee-2ad42ec36971,Barclay Shield,cb109a29-6577-4838-a06d-cebfbfcb8be5,Barclay Shield,3bc0386d-7132-ec11-981f-501ac52e1666,Diamond Valley Cricket Association
f7567eab-6090-4cf2-b14f-2874ae98667f,Summer 2014/15,c8e7991d-7218-4a25-b37e-6cf264198a21,C Grade,34faede2-2f11-4c04-bd4c-673e91f40bae,C Grade,3bc0386d-7132-ec11-981f-501ac52e1666,Diamond Valley Cricket Association
f7567eab-6090-4cf2-b14f-2874ae98667f,Summer 2014/15,64a1f323-ca41-42f4-ab6d-9232e0d4af48,ODC,85e283ea-3afc-40a3-98f0-4f43b46b3692,ODC,3bc0386d-7132-ec11-981f-501ac52e1666,Diamond Valley Cricket Association
f7567eab-6090-4cf2-b14f-2874ae98667f,Summer 2014/15,d56fb7fa-1c02-49cc-8c76-07521a420d18,U12 Development,b8a1c015-8d78-4918-a0b0-69ac468f4639,U12 Development,3bc0386d-7132-ec11-981f-501ac52e1666,Diamond Valley Cricket Association
f7567eab-6090-4cf2-b14f-2874ae98667f,Summer 2014/15,3b7d9925-a74f-449e-80f5-e0cd7c1c413d,U12 White South,edf76b43-901a-4914-80cf-51030e023f16,U12 White South,3bc0386d-7132-ec11-981f-501ac52e1666,Diamond Valley Cricket Association
f7567eab-6090-4cf2-b14f-2874ae98667f,Summer 2014/15,50577ad3-4852-47f6-8655-eb7af0f52619,U14 Blue,493f442e-952d-4d74-b127-b73fc06d6f10,U14 Blue,3bc0386d-7132-ec11-981f-501ac52e1666,Diamond Valley Cricket Association
f7567eab-6090-4cf2-b14f-2874ae98667f,Summer 2014/15,b7280672-31db-411e-b9ec-fbae55fe858e,U16 Blue,948b3f6f-fe1f-471d-bf54-75a952470169,U16 Blue,3bc0386d-7132-ec11-981f-501ac52e1666,Diamond Valley Cricket Association
f7567eab-6090-4cf2-b14f-2874ae98667f,Summer 2014/15,765db346-4ef5-4c80-88fd-8ecf84675b43,U18 Blue,872c909a-aef7-4084-9552-7a95f9dcfa9e,U18 Blue,3bc0386d-7132-ec11-981f-501ac52e1666,Diamond Valley Cricket Association
f7567eab-6090-4cf2-b14f-2874ae98667f,Summer 2014/15,18192aa2-a515-4c33-b262-aa1038348ac4,Vets A,c07e2a30-7ca5-4e68-bf52-0dc4f0075be9,Vets A,3bc0386d-7132-ec11-981f-501ac52e1666,Diamond Valley Cricket Association
f7567eab-6090-4cf2-b14f-2874ae98667f,Summer 2014/15,21088107-eada-4743-8d00-83632b75957b,North Region Senior T20,e473ee9e-7170-4188-990b-16a78de5f437,North Region Senior T20,e6bf8d70-5c32-ec11-981f-501ac52e1666,Northern Region T20
a07158e7-b32f-4511-9f9b-5f75c5f7d6ae,Summer 2013/14,7b17bd7a-c44c-4f65-be3b-175908ceec03,Barclay Shield,24a88cac-8c39-4822-8eab-618e24b92ca8,Barclay Shield,3bc0386d-7132-ec11-981f-501ac52e1666,Diamond Valley Cricket Association
a07158e7-b32f-4511-9f9b-5f75c5f7d6ae,Summer 2013/14,395b5d01-55e2-4e00-b711-aad9eb7c509c,C Grade,aba6265c-51cb-4100-9709-5066cc7e01e1,C Grade,3bc0386d-7132-ec11-981f-501ac52e1666,Diamond Valley Cricket Association
a07158e7-b32f-4511-9f9b-5f75c5f7d6ae,Summer 2013/14,dd92a29f-7712-4519-8385-e5cd61961aba,E Grade,6c995339-6728-4b04-8191-4ba8cd38423b,E Grade,3bc0386d-7132-ec11-981f-501ac52e1666,Diamond Valley Cricket Association
a07158e7-b32f-4511-9f9b-5f75c5f7d6ae,Summer 2013/14,9f547ffe-54a3-45a7-a1e2-fdbe4224046e,ODC,4949978e-2c01-48d9-af3d-ff26dc8ef601,ODC,3bc0386d-7132-ec11-981f-501ac52e1666,Diamond Valley Cricket Association
a07158e7-b32f-4511-9f9b-5f75c5f7d6ae,Summer 2013/14,7a287d0f-850b-4bcb-9347-10be66295a2c,U10 Joeys South,87ce6acc-c8d0-404d-9980-96af1a7798b7,U10 Joeys South,3bc0386d-7132-ec11-981f-501ac52e1666,Diamond Valley Cricket Association
a07158e7-b32f-4511-9f9b-5f75c5f7d6ae,Summer 2013/14,6035d332-39a8-461a-8382-1e22270d850c,U12 Blue West,15d122a4-1fcf-4454-9810-a5a09a0eb645,U12 Blue West,3bc0386d-7132-ec11-981f-501ac52e1666,Diamond Valley Cricket Association
a07158e7-b32f-4511-9f9b-5f75c5f7d6ae,Summer 2013/14,7508e71e-fbbc-4bd8-b0a9-159b893d12e7,U12 Modified,ed7a666e-312a-459e-bb98-22ff6a3a8198,U12 Modified,3bc0386d-7132-ec11-981f-501ac52e1666,Diamond Valley Cricket Association
a07158e7-b32f-4511-9f9b-5f75c5f7d6ae,Summer 2013/14,1ebb04d0-62c2-4e19-86b0-ddfbe433573c,U14 Blue,4cb24464-8c54-4edb-b2fe-def817c0e34d,U14 Blue,3bc0386d-7132-ec11-981f-501ac52e1666,Diamond Valley Cricket Association
a07158e7-b32f-4511-9f9b-5f75c5f7d6ae,Summer 2013/14,230336e7-03ac-4a16-b1c4-419ab2b8889b,U16 Blue,baad2a3b-8c24-4522-a2f3-c5ebd97f9c92,U16 Blue,3bc0386d-7132-ec11-981f-501ac52e1666,Diamond Valley Cricket Association
a07158e7-b32f-4511-9f9b-5f75c5f7d6ae,Summer 2013/14,535ecd4b-cefe-4aff-8dea-b64e07af8c9c,U16 Teal,ee346009-f7e2-4a4a-87c0-1ca31ee73600,U16 Teal,3bc0386d-7132-ec11-981f-501ac52e1666,Diamond Valley Cricket Association
a07158e7-b32f-4511-9f9b-5f75c5f7d6ae,Summer 2013/14,8e1572a5-f13b-47bb-8b61-e9614deb33d1,U18 (Friday),9229feec-011c-446a-8308-b2ac88ca2fad,U18 (Friday),3bc0386d-7132-ec11-981f-501ac52e1666,Diamond Valley Cricket Association
a07158e7-b32f-4511-9f9b-5f75c5f7d6ae,Summer 2013/14,97a0db20-8d61-4527-ab43-1195d1ef378a,Vets A,d5d121b9-fe02-4004-93c7-2b475f6378b8,Vets A,3bc0386d-7132-ec11-981f-501ac52e1666,Diamond Valley Cricket Association
a07158e7-b32f-4511-9f9b-5f75c5f7d6ae,Summer 2013/14,870f43b4-27fc-453f-a817-40f7f2d70e11,North Region Senior T20,8e121b55-e61d-4250-aae0-b93aa18a8d06,North Region Senior T20,e6bf8d70-5c32-ec11-981f-501ac52e1666,Northern Region T20
aaf17d1d-d108-45ab-9c9f-7dcbe99d33f1,Summer 2012/13,0e8b5b52-37a5-4478-94ba-61a4ff33c60b,B Grade,ca62358b-d14e-4bc3-9a6b-16ac3396bc07,B Grade,3bc0386d-7132-ec11-981f-501ac52e1666,Diamond Valley Cricket Association
aaf17d1d-d108-45ab-9c9f-7dcbe99d33f1,Summer 2012/13,32acf565-c4af-4c3a-80c0-633c193fb41a,Barclay Shield,cc15ef0f-3971-438c-a7c2-f201f8a46017,Barclay Shield,3bc0386d-7132-ec11-981f-501ac52e1666,Diamond Valley Cricket Association
aaf17d1d-d108-45ab-9c9f-7dcbe99d33f1,Summer 2012/13,8133bc33-32a6-43ff-b0bd-1b8a80ef17bf,D Grade,39e2be05-5970-404d-8021-a397bb0dfe86,D Grade,3bc0386d-7132-ec11-981f-501ac52e1666,Diamond Valley Cricket Association
aaf17d1d-d108-45ab-9c9f-7dcbe99d33f1,Summer 2012/13,47c09814-b5ef-421d-b3c0-8d7565f750af,ODC,522e2aba-0091-4c55-8901-a308d2f4a22c,ODC,3bc0386d-7132-ec11-981f-501ac52e1666,Diamond Valley Cricket Association
aaf17d1d-d108-45ab-9c9f-7dcbe99d33f1,Summer 2012/13,be071122-89a8-4fa1-9f97-e1221fc09831,U10 Joeys South,7b0ed706-457c-470a-9857-4513abd7b92d,U10 Joeys South,3bc0386d-7132-ec11-981f-501ac52e1666,Diamond Valley Cricket Association
aaf17d1d-d108-45ab-9c9f-7dcbe99d33f1,Summer 2012/13,979a328c-aa9f-455a-8b04-34c5c7bd75a6,U12 Development,472d20b6-19d2-4b36-b7b2-ce74e70ff6ad,U12 Development,3bc0386d-7132-ec11-981f-501ac52e1666,Diamond Valley Cricket Association
aaf17d1d-d108-45ab-9c9f-7dcbe99d33f1,Summer 2012/13,5b47ca01-09c0-47f8-a4bc-e998a55143b3,U12 Teal,f98549d1-b44c-4c3a-b034-7cdd90ba6c42,U12 Teal,3bc0386d-7132-ec11-981f-501ac52e1666,Diamond Valley Cricket Association
aaf17d1d-d108-45ab-9c9f-7dcbe99d33f1,Summer 2012/13,d0ff0418-7993-41b6-981d-63899197c953,U12 White,2b576383-0554-45c5-9876-a4f352fde6ea,U12 White,3bc0386d-7132-ec11-981f-501ac52e1666,Diamond Valley Cricket Association
aaf17d1d-d108-45ab-9c9f-7dcbe99d33f1,Summer 2012/13,6a4cb796-cc38-4460-a97e-7af1c1899168,U14 White North,bee66b82-54a7-449c-a041-50818f5302e7,U14 White North,3bc0386d-7132-ec11-981f-501ac52e1666,Diamond Valley Cricket Association
aaf17d1d-d108-45ab-9c9f-7dcbe99d33f1,Summer 2012/13,9570f4a2-aff8-4b08-9dc8-a7911fe5ca13,U16 Blue,e3ff8c56-6f4f-438c-88f2-d5e685cb09cc,U16 Blue,3bc0386d-7132-ec11-981f-501ac52e1666,Diamond Valley Cricket Association
aaf17d1d-d108-45ab-9c9f-7dcbe99d33f1,Summer 2012/13,f80c68c2-301a-4ffb-a59b-83924d61c53c,U16 Teal,6cfc0157-73ef-4289-8ca3-7c5405292fb3,U16 Teal,3bc0386d-7132-ec11-981f-501ac52e1666,Diamond Valley Cricket Association
aaf17d1d-d108-45ab-9c9f-7dcbe99d33f1,Summer 2012/13,5ddd6849-5f41-460d-9064-2287be9f0842,Vets A,b1868703-515f-4e83-95d6-4cd8e9ff010a,Vets A,3bc0386d-7132-ec11-981f-501ac52e1666,Diamond Valley Cricket Association
aaf17d1d-d108-45ab-9c9f-7dcbe99d33f1,Summer 2012/13,956b1320-9124-4c56-9773-ae80614068d8,North Region Senior T20,1aa8fd91-afa6-4317-b0d7-81e5484a144d,North Region Senior T20,e6bf8d70-5c32-ec11-981f-501ac52e1666,Northern Region T20
eec02606-f589-43b3-9d5a-40c3db29b323,Summer 2011/12,8be47eb9-d83b-4997-8113-b03893fde717,B Grade,d1b0c78f-7a0b-4da4-877f-695f4d44bf8c,B Grade,3bc0386d-7132-ec11-981f-501ac52e1666,Diamond Valley Cricket Association
eec02606-f589-43b3-9d5a-40c3db29b323,Summer 2011/12,989e6707-15f6-468b-a68d-8d780ec7a514,Barclay Shield,705104c7-0e69-424a-b78a-df29b345080a,Barclay Shield,3bc0386d-7132-ec11-981f-501ac52e1666,Diamond Valley Cricket Association
eec02606-f589-43b3-9d5a-40c3db29b323,Summer 2011/12,f300fa26-899f-405f-bcb8-8c38871ee005,D Grade,b231d81c-60df-4058-a552-1cc3f538cd0a,D Grade,3bc0386d-7132-ec11-981f-501ac52e1666,Diamond Valley Cricket Association
eec02606-f589-43b3-9d5a-40c3db29b323,Summer 2011/12,c346f1dc-1ecf-4a25-b5a1-3314c288db99,ODC,d2cd8977-7839-494f-afd0-48fa28339cf8,ODC,3bc0386d-7132-ec11-981f-501ac52e1666,Diamond Valley Cricket Association
eec02606-f589-43b3-9d5a-40c3db29b323,Summer 2011/12,e9de60db-8c9e-4d48-a189-0ebfe6caa8d1,ODC - Division 2,a9c7844c-dd11-480d-974d-ce60df476e29,ODC - Division 2,3bc0386d-7132-ec11-981f-501ac52e1666,Diamond Valley Cricket Association
eec02606-f589-43b3-9d5a-40c3db29b323,Summer 2011/12,7ba492d2-79ab-488e-862f-0902c47efda1,U12 Blue,02035463-e8e9-41e7-ac7c-0922e691c889,U12 Blue,3bc0386d-7132-ec11-981f-501ac52e1666,Diamond Valley Cricket Association
eec02606-f589-43b3-9d5a-40c3db29b323,Summer 2011/12,b2894b70-0df9-4059-9bd4-ba89694f2d40,U12 Modified,f62294bd-e8e6-4ffe-ab3a-3dd866b26a0b,U12 Modified,3bc0386d-7132-ec11-981f-501ac52e1666,Diamond Valley Cricket Association
eec02606-f589-43b3-9d5a-40c3db29b323,Summer 2011/12,f2cefe3f-5ea5-4449-bd8f-bcd60756d107,U12 Teal,88337aa1-b70c-4b14-9266-153c9d0fcab8,U12 Teal,3bc0386d-7132-ec11-981f-501ac52e1666,Diamond Valley Cricket Association
eec02606-f589-43b3-9d5a-40c3db29b323,Summer 2011/12,acd968bb-3bea-4ce8-8711-31e6b764b331,U14 White North,a985bf90-8dc6-4e96-be08-83bddd38d9b7,U14 White North,3bc0386d-7132-ec11-981f-501ac52e1666,Diamond Valley Cricket Association
eec02606-f589-43b3-9d5a-40c3db29b323,Summer 2011/12,238a018e-cbfa-4f9c-a77e-e4d47a1c1cb8,U16 (Saturday) Blue,779c1427-132b-4792-8070-ba0769fea5c0,U16 (Saturday) Blue,3bc0386d-7132-ec11-981f-501ac52e1666,Diamond Valley Cricket Association
eec02606-f589-43b3-9d5a-40c3db29b323,Summer 2011/12,a557e498-cb84-4877-8a8b-410d14ea2111,U18 (Friday),ee10b2d1-2ed5-4000-a777-4bb63448a238,U18 (Friday),3bc0386d-7132-ec11-981f-501ac52e1666,Diamond Valley Cricket Association
eec02606-f589-43b3-9d5a-40c3db29b323,Summer 2011/12,087b7c1b-e78f-4b45-976d-ec9a63a59f4a,Vets A,ecbb23b9-a861-4583-89bd-179fadf2cf42,Vets A,3bc0386d-7132-ec11-981f-501ac52e1666,Diamond Valley Cricket Association
eec02606-f589-43b3-9d5a-40c3db29b323,Summer 2011/12,59908de3-dbd2-4902-8132-817e1f5883f7,North Region Senior T20,1b9763de-008b-4a2e-916e-5257c16c1cc4,North Region Senior T20,e6bf8d70-5c32-ec11-981f-501ac52e1666,Northern Region T20
b41aad11-0719-4499-ae34-fa95731e582b,Summer 2010/11,ebed89c8-8d6d-4ba4-8fa6-a11091e14b12,B Grade,99129f7c-8869-4fd2-8a44-3f040aef189f,B Grade,3bc0386d-7132-ec11-981f-501ac52e1666,Diamond Valley Cricket Association
b41aad11-0719-4499-ae34-fa95731e582b,Summer 2010/11,ce9c8db5-9b86-41de-bece-b1fd487ff0ab,Barclay Shield,b194cad3-982a-4534-8990-309f9837c3c5,Barclay Shield,3bc0386d-7132-ec11-981f-501ac52e1666,Diamond Valley Cricket Association
b41aad11-0719-4499-ae34-fa95731e582b,Summer 2010/11,d5905583-84df-4b9e-ab90-d85fb6356547,D Grade,d0b91c17-2058-40f1-afd1-f8f26917fa0c,D Grade,3bc0386d-7132-ec11-981f-501ac52e1666,Diamond Valley Cricket Association
b41aad11-0719-4499-ae34-fa95731e582b,Summer 2010/11,a0af39be-f853-4f36-b9df-3466e2c3715e,F Grade,36e2bbd5-7fe2-490d-b456-5befb41a43ea,F Grade,3bc0386d-7132-ec11-981f-501ac52e1666,Diamond Valley Cricket Association
b41aad11-0719-4499-ae34-fa95731e582b,Summer 2010/11,923a5229-f726-4979-9406-b773d57f5aa3,U12 Blue,ea745842-c130-4e0f-8756-d4785a14d65d,U12 Blue,3bc0386d-7132-ec11-981f-501ac52e1666,Diamond Valley Cricket Association
b41aad11-0719-4499-ae34-fa95731e582b,Summer 2010/11,f7ae9d2d-b6ef-45cf-9f31-d1d04f8aef7a,U12 Development,71bab3e3-731d-4254-93dd-a865063e97fa,U12 Development,3bc0386d-7132-ec11-981f-501ac52e1666,Diamond Valley Cricket Association
b41aad11-0719-4499-ae34-fa95731e582b,Summer 2010/11,9698a74a-4061-40db-b83a-dfaaca9b0d3c,U12 Modified,05cfd9e1-45aa-47dd-acdc-e44b23156f80,U12 Modified,3bc0386d-7132-ec11-981f-501ac52e1666,Diamond Valley Cricket Association
b41aad11-0719-4499-ae34-fa95731e582b,Summer 2010/11,4fcbc173-396b-491f-9392-3ca2a3b330be,U12(2) Blue,0a1189b7-c640-4b09-a3e3-90187c62473c,U12(2) Blue,3bc0386d-7132-ec11-981f-501ac52e1666,Diamond Valley Cricket Association
b41aad11-0719-4499-ae34-fa95731e582b,Summer 2010/11,4265ae87-c43f-4658-9bbf-df6d50a15b59,U14(1) Blue,de454a63-3fea-4a75-b289-ed590de114c6,U14(1) Blue,3bc0386d-7132-ec11-981f-501ac52e1666,Diamond Valley Cricket Association
b41aad11-0719-4499-ae34-fa95731e582b,Summer 2010/11,8d626132-99e6-4184-8355-a3159a858ee9,U14(2) Blue,bf2f0654-9851-4e8c-9a54-553f4b0c3c84,U14(2) Blue,3bc0386d-7132-ec11-981f-501ac52e1666,Diamond Valley Cricket Association
b41aad11-0719-4499-ae34-fa95731e582b,Summer 2010/11,4988dd1b-9d11-4a25-b94c-1d022a5fd751,U16(2) Blue,cfb6996c-3f4b-4e8b-813e-00c69a96bc10,U16(2) Blue,3bc0386d-7132-ec11-981f-501ac52e1666,Diamond Valley Cricket Association
b41aad11-0719-4499-ae34-fa95731e582b,Summer 2010/11,eb20f392-f495-4e90-96e2-667f8ac216a9,Vets A,05763a18-56da-4854-a2ce-54361caf221d,Vets A,3bc0386d-7132-ec11-981f-501ac52e1666,Diamond Valley Cricket Association
d1b386aa-ac78-4fb4-a434-94b03b69808a,Summer 2009/10,21796c19-06f0-4a3d-8d60-e93c93eff35d,Barclay Reserve,191ceb24-22fb-4e98-bada-a1769af4b5df,Barclay Reserve,3bc0386d-7132-ec11-981f-501ac52e1666,Diamond Valley Cricket Association
d1b386aa-ac78-4fb4-a434-94b03b69808a,Summer 2009/10,384440cc-e506-4754-9691-eca58589cc9e,Barclay Shield,91cc2381-34bd-47b5-9991-2cafc6e8505d,Barclay Shield,3bc0386d-7132-ec11-981f-501ac52e1666,Diamond Valley Cricket Association
d1b386aa-ac78-4fb4-a434-94b03b69808a,Summer 2009/10,34ad5c0e-8711-41c4-8670-67600b2c4959,C Grade,7aa44ff3-fed0-4ba3-99d1-b0f19bfa6b6b,C Grade,3bc0386d-7132-ec11-981f-501ac52e1666,Diamond Valley Cricket Association
d1b386aa-ac78-4fb4-a434-94b03b69808a,Summer 2009/10,613e1e9d-ba4f-4291-b1bf-1e4f0493ae4c,D Grade,5fca1beb-2b90-4515-a415-bf911a1ed9cf,D Grade,3bc0386d-7132-ec11-981f-501ac52e1666,Diamond Valley Cricket Association
d1b386aa-ac78-4fb4-a434-94b03b69808a,Summer 2009/10,c70f690c-f2e4-48be-917d-a41de4961764,U12 (3) Blue,9860ef19-f81b-48cb-a971-49e0fcbd8c54,U12 (3) Blue,3bc0386d-7132-ec11-981f-501ac52e1666,Diamond Valley Cricket Association
d1b386aa-ac78-4fb4-a434-94b03b69808a,Summer 2009/10,cfe8ac2a-aed8-4c9f-9cf6-c85f8c69c76c,U12 Development,86837834-9a67-45da-a1dc-f03f9f9990c1,U12 Development,3bc0386d-7132-ec11-981f-501ac52e1666,Diamond Valley Cricket Association
d1b386aa-ac78-4fb4-a434-94b03b69808a,Summer 2009/10,fae0312f-ce45-4a16-b39a-b182eae231e9,U12 Modified,12383235-96e8-42be-90dc-099adeaae6c4,U12 Modified,3bc0386d-7132-ec11-981f-501ac52e1666,Diamond Valley Cricket Association
d1b386aa-ac78-4fb4-a434-94b03b69808a,Summer 2009/10,b05e1aa6-85d6-4891-ada4-d0ace3688235,U12(1) Teal,33a602ad-7eb1-4eff-b5ff-cc693fe6fcb9,U12(1) Teal,3bc0386d-7132-ec11-981f-501ac52e1666,Diamond Valley Cricket Association
d1b386aa-ac78-4fb4-a434-94b03b69808a,Summer 2009/10,98718774-a83e-4d13-955c-75d24c0f8523,U14(1) Blue,2496b627-bf89-499e-8170-f3d2af6c725b,U14(1) Blue,3bc0386d-7132-ec11-981f-501ac52e1666,Diamond Valley Cricket Association
d1b386aa-ac78-4fb4-a434-94b03b69808a,Summer 2009/10,69153dca-204b-422d-84cf-0d59a437d061,U14(2) Teal,773eb6cc-ac18-44b5-8edb-4e5c8936b1a3,U14(2) Teal,3bc0386d-7132-ec11-981f-501ac52e1666,Diamond Valley Cricket Association
d1b386aa-ac78-4fb4-a434-94b03b69808a,Summer 2009/10,56561fb1-26b6-4b42-971d-de367a6f6d17,U16 (1) Blue,f6cff8cd-5d79-4f5d-be43-4ce6b16296e8,U16 (1) Blue,3bc0386d-7132-ec11-981f-501ac52e1666,Diamond Valley Cricket Association
2bea42bd-9a74-48c1-9950-f7c3a3906c31,Summer 2008/09,904bfe4f-bf60-4233-9c9d-c65b37daae0c,Barclay Reserve,ac550c39-1b4d-4d26-967f-bc49f55a2a31,Barclay Reserve,3bc0386d-7132-ec11-981f-501ac52e1666,Diamond Valley Cricket Association
2bea42bd-9a74-48c1-9950-f7c3a3906c31,Summer 2008/09,c0e745a0-d9e9-4efb-a527-eba45d76fefe,Barclay Shield,4615fc14-70e5-4bc3-85c6-82ccfd75a957,Barclay Shield,3bc0386d-7132-ec11-981f-501ac52e1666,Diamond Valley Cricket Association
2bea42bd-9a74-48c1-9950-f7c3a3906c31,Summer 2008/09,232bd90b-bdb3-4d56-bdeb-7666f65768e8,C Grade,8f1fc67f-5151-4f70-a2fe-a6b4b7f7ff60,C Grade,3bc0386d-7132-ec11-981f-501ac52e1666,Diamond Valley Cricket Association
2bea42bd-9a74-48c1-9950-f7c3a3906c31,Summer 2008/09,21ab7978-46a3-47a3-961e-0098545df959,D Grade,a26ffc38-2077-49bf-91cd-ee09f9286816,D Grade,3bc0386d-7132-ec11-981f-501ac52e1666,Diamond Valley Cricket Association
2bea42bd-9a74-48c1-9950-f7c3a3906c31,Summer 2008/09,531cd595-5957-42c1-aa5e-e63420c38c9a,G Grade,2e83073c-5e6e-4a6b-a844-6584bd1c6e66,G Grade,3bc0386d-7132-ec11-981f-501ac52e1666,Diamond Valley Cricket Association
2bea42bd-9a74-48c1-9950-f7c3a3906c31,Summer 2008/09,5cd8fe63-edda-4161-9a83-1b013508b2d4,U12 Blue,ebc6a583-fe07-4c1a-ab4f-c5b5cec7db85,U12 Blue,3bc0386d-7132-ec11-981f-501ac52e1666,Diamond Valley Cricket Association
2bea42bd-9a74-48c1-9950-f7c3a3906c31,Summer 2008/09,892a2015-9ff0-4044-8107-e574103a15ca,U12 Modified,8e85a7c4-8c6c-4103-b607-3c1c523e39d4,U12 Modified,3bc0386d-7132-ec11-981f-501ac52e1666,Diamond Valley Cricket Association
2bea42bd-9a74-48c1-9950-f7c3a3906c31,Summer 2008/09,f054895c-a935-41e1-be18-ff84f1586151,U12 Modified,8e85a7c4-8c6c-4103-b607-3c1c523e39d4,U12 Modified,3bc0386d-7132-ec11-981f-501ac52e1666,Diamond Valley Cricket Association
2bea42bd-9a74-48c1-9950-f7c3a3906c31,Summer 2008/09,7081fdd3-90ef-448d-af14-d69205f836ab,U12(2) Teal,68252e08-9015-4c3e-ac6c-935c4053bf75,U12(2) Teal,3bc0386d-7132-ec11-981f-501ac52e1666,Diamond Valley Cricket Association
2bea42bd-9a74-48c1-9950-f7c3a3906c31,Summer 2008/09,0db3c51a-2619-412c-80b2-7c7d5f425e98,U14(1) Blue,e0163085-8da1-4138-9571-6bb919b1b37f,U14(1) Blue,3bc0386d-7132-ec11-981f-501ac52e1666,Diamond Valley Cricket Association
2bea42bd-9a74-48c1-9950-f7c3a3906c31,Summer 2008/09,eec189b7-d938-4714-a0cf-7060bc77b506,U14(2) Teal,7ff433db-4c30-4b96-a8e6-a52d38cc8adf,U14(2) Teal,3bc0386d-7132-ec11-981f-501ac52e1666,Diamond Valley Cricket Association
2bea42bd-9a74-48c1-9950-f7c3a3906c31,Summer 2008/09,edf9efb5-ed16-43ea-bac5-670a27bada3c,U16 (1) Teal,2ca437c5-2c6d-4055-9072-645336fa8fd1,U16 (1) Teal,3bc0386d-7132-ec11-981f-501ac52e1666,Diamond Valley Cricket Association
2bea42bd-9a74-48c1-9950-f7c3a3906c31,Summer 2008/09,bed50e9f-ccd8-4c6e-af46-a2a4dc284a9e,U16 (2),3b00d8fb-ba50-4446-afc4-64295bcbeb0b,U16 (2),3bc0386d-7132-ec11-981f-501ac52e1666,Diamond Valley Cricket Association
3a5d3c8d-38f5-4c33-b1eb-01aeced3cfd3,Summer 2007/08,27355a03-07ea-4006-88f8-ef822df4956d,Barclay Reserve,4c5965cd-591b-4055-aede-50a4027b2338,Barclay Reserve,3bc0386d-7132-ec11-981f-501ac52e1666,Diamond Valley Cricket Association
3a5d3c8d-38f5-4c33-b1eb-01aeced3cfd3,Summer 2007/08,a14db033-0f11-48d5-beb3-a3f77b5ba706,Barclay Shield,b6dd41dd-40af-45e8-bc73-e776985e67ec,Barclay Shield,3bc0386d-7132-ec11-981f-501ac52e1666,Diamond Valley Cricket Association
3a5d3c8d-38f5-4c33-b1eb-01aeced3cfd3,Summer 2007/08,ed62c4b6-887d-424b-8749-57a43747e6fa,C Grade,a2136e3f-8525-41e3-b35b-b5290b5621fc,C Grade,3bc0386d-7132-ec11-981f-501ac52e1666,Diamond Valley Cricket Association
3a5d3c8d-38f5-4c33-b1eb-01aeced3cfd3,Summer 2007/08,562459a6-9fde-4052-8561-6bfd96e3d70d,D Grade,fea47e24-f864-4f07-afd3-683cb37e3cd6,D Grade,3bc0386d-7132-ec11-981f-501ac52e1666,Diamond Valley Cricket Association
3a5d3c8d-38f5-4c33-b1eb-01aeced3cfd3,Summer 2007/08,e0d315ab-0140-4e08-ba71-dc6f6638cf35,Dev Teal,e4b043f2-c0bb-416e-9913-fc123a6bd75b,Dev Teal,3bc0386d-7132-ec11-981f-501ac52e1666,Diamond Valley Cricket Association
3a5d3c8d-38f5-4c33-b1eb-01aeced3cfd3,Summer 2007/08,f19470df-8daa-4d43-8a78-df874b8d47b4,H Grade,de619eb4-6d4a-4cf2-8021-51b4086fd8b0,H Grade,3bc0386d-7132-ec11-981f-501ac52e1666,Diamond Valley Cricket Association
3a5d3c8d-38f5-4c33-b1eb-01aeced3cfd3,Summer 2007/08,7274a08e-0ad5-4e03-98ac-0abc74cea929,U12 Blue,6068cd69-faf5-4872-8dcb-902b3b9aa269,U12 Blue,3bc0386d-7132-ec11-981f-501ac52e1666,Diamond Valley Cricket Association
3a5d3c8d-38f5-4c33-b1eb-01aeced3cfd3,Summer 2007/08,aab4ee87-8f9b-475b-a0e7-073b19c7ab69,U12(2) Teal,e91d38b0-26b2-4dd6-ac32-c2537b934e45,U12(2) Teal,3bc0386d-7132-ec11-981f-501ac52e1666,Diamond Valley Cricket Association
3a5d3c8d-38f5-4c33-b1eb-01aeced3cfd3,Summer 2007/08,1d8204c0-3ffe-4b8d-8294-857bea1504ba,U14(1) Teal,8f595a05-f64b-49cf-a7a7-4499358e64b6,U14(1) Teal,3bc0386d-7132-ec11-981f-501ac52e1666,Diamond Valley Cricket Association
3a5d3c8d-38f5-4c33-b1eb-01aeced3cfd3,Summer 2007/08,dfefee13-2110-430f-8d3e-3d9060c9290d,U16 (1) Blue,72a7715f-83a3-45f1-b1de-e60324336985,U16 (1) Blue,3bc0386d-7132-ec11-981f-501ac52e1666,Diamond Valley Cricket Association
3a5d3c8d-38f5-4c33-b1eb-01aeced3cfd3,Summer 2007/08,1a6612b0-3d5c-4f25-875b-31cb2bc404fb,U16 (2),5de07fd2-0a5c-4b56-946d-0cc1923817d0,U16 (2),3bc0386d-7132-ec11-981f-501ac52e1666,Diamond Valley Cricket Association
e9b37153-9187-4dad-b04d-cf5fa01ccb8e,Summer 2006/07,eec5bf43-7018-4221-bbbe-363ac5d72a8d,Barclay Reserve,4b88828b-f0c9-4ca5-a5ad-d4d0823269b1,Barclay Reserve,3bc0386d-7132-ec11-981f-501ac52e1666,Diamond Valley Cricket Association
e9b37153-9187-4dad-b04d-cf5fa01ccb8e,Summer 2006/07,f748a0c1-4c37-4d15-b65b-c5696befeced,Barclay Shield,b4d4254e-8214-4e7d-8580-032d4ce34039,Barclay Shield,3bc0386d-7132-ec11-981f-501ac52e1666,Diamond Valley Cricket Association
e9b37153-9187-4dad-b04d-cf5fa01ccb8e,Summer 2006/07,c8f231b6-f05b-424f-9832-878560f46ad2,C Grade,07bd5fbe-9dc9-4598-a3b6-1897e0a521e6,C Grade,3bc0386d-7132-ec11-981f-501ac52e1666,Diamond Valley Cricket Association
e9b37153-9187-4dad-b04d-cf5fa01ccb8e,Summer 2006/07,9c8cfbf6-c0a3-4f8d-b974-18946b39e4da,D Grade,7983f5d7-932c-46e3-9b83-ebad8d73dc8b,D Grade,3bc0386d-7132-ec11-981f-501ac52e1666,Diamond Valley Cricket Association
e9b37153-9187-4dad-b04d-cf5fa01ccb8e,Summer 2006/07,4e3f14f4-35b0-415d-86c3-09282fe2ef14,Dev Teal,bdc6beb0-f9c9-4e67-8988-f3fbba99f294,Dev Teal,3bc0386d-7132-ec11-981f-501ac52e1666,Diamond Valley Cricket Association
e9b37153-9187-4dad-b04d-cf5fa01ccb8e,Summer 2006/07,49432367-8707-4af5-89b5-e34cea1ff4f6,E Grade,93ce12f6-3a60-4641-ae0d-027cee943c38,E Grade,3bc0386d-7132-ec11-981f-501ac52e1666,Diamond Valley Cricket Association
e9b37153-9187-4dad-b04d-cf5fa01ccb8e,Summer 2006/07,3fbe748d-80b7-4f6b-8c4a-96791740fc0e,U12(1) Teal,b14d4576-bd91-4586-afad-46378c4bb3b5,U12(1) Teal,3bc0386d-7132-ec11-981f-501ac52e1666,Diamond Valley Cricket Association
e9b37153-9187-4dad-b04d-cf5fa01ccb8e,Summer 2006/07,a4e3fcaa-6834-4752-a9e2-d500e7c56fc1,U12(2) Teal,127e2f6b-1fbf-4040-b938-2cf1a661be88,U12(2) Teal,3bc0386d-7132-ec11-981f-501ac52e1666,Diamond Valley Cricket Association
e9b37153-9187-4dad-b04d-cf5fa01ccb8e,Summer 2006/07,00596aef-f5fa-4c7f-8ced-5c90b9692484,U14(1) Blue,11466adb-3e56-487a-ac3c-9004edbff0ac,U14(1) Blue,3bc0386d-7132-ec11-981f-501ac52e1666,Diamond Valley Cricket Association
e9b37153-9187-4dad-b04d-cf5fa01ccb8e,Summer 2006/07,516bb881-536b-4623-95a5-f33a917a0dba,U14(2) Teal,6d47c293-a8ec-4ff0-b9e5-80d44857bd94,U14(2) Teal,3bc0386d-7132-ec11-981f-501ac52e1666,Diamond Valley Cricket Association
e9b37153-9187-4dad-b04d-cf5fa01ccb8e,Summer 2006/07,0434e7c0-c65f-4cf9-be58-e2f8d1bdefb7,U16 (1) Teal,69296381-1a99-466b-a0d2-2bd7e587cd5c,U16 (1) Teal,3bc0386d-7132-ec11-981f-501ac52e1666,Diamond Valley Cricket Association
e9b37153-9187-4dad-b04d-cf5fa01ccb8e,Summer 2006/07,380e452e-5b5d-41da-88f1-a4fd2cc23e1e,U16 (2),13999fba-3b77-463f-b5d7-ca7a8b7c4691,U16 (2),3bc0386d-7132-ec11-981f-501ac52e1666,Diamond Valley Cricket Association
54f45899-c1b5-4d0a-ae20-dc26e463e143,Summer 2005/06,f1c0c877-854a-4b5a-b5d2-6093bc694471,Barclay Reserve,4d191063-60a1-4e92-a3d4-347a60b7d33a,Barclay Reserve,3bc0386d-7132-ec11-981f-501ac52e1666,Diamond Valley Cricket Association
54f45899-c1b5-4d0a-ae20-dc26e463e143,Summer 2005/06,e104f423-7642-4376-b548-293863e41f84,Barclay Shield,5c229a3e-2c6f-46a2-82cc-b31a3f4d900d,Barclay Shield,3bc0386d-7132-ec11-981f-501ac52e1666,Diamond Valley Cricket Association
54f45899-c1b5-4d0a-ae20-dc26e463e143,Summer 2005/06,ca260c55-30a6-4c98-ba0c-27f96988f3b1,C Grade,217149c6-c9b4-43aa-9160-ddfefa518aeb,C Grade,3bc0386d-7132-ec11-981f-501ac52e1666,Diamond Valley Cricket Association
54f45899-c1b5-4d0a-ae20-dc26e463e143,Summer 2005/06,d8d66339-c0bb-45bf-b427-9fb919f51000,Dev Teal,9ce6bb3e-eabf-47e4-a4e6-7a72a4cafa2b,Dev Teal,3bc0386d-7132-ec11-981f-501ac52e1666,Diamond Valley Cricket Association
54f45899-c1b5-4d0a-ae20-dc26e463e143,Summer 2005/06,aaece96d-29f2-41a3-a647-75bd715560b8,E Grade,5e13392d-5bfa-4a61-ab97-009067dc9e4c,E Grade,3bc0386d-7132-ec11-981f-501ac52e1666,Diamond Valley Cricket Association
54f45899-c1b5-4d0a-ae20-dc26e463e143,Summer 2005/06,6fd83e76-c0b0-4f1f-b5ae-2e31aa592fe6,U12 Blue,618ef837-721b-4937-9f05-e8c351f70a68,U12 Blue,3bc0386d-7132-ec11-981f-501ac52e1666,Diamond Valley Cricket Association
54f45899-c1b5-4d0a-ae20-dc26e463e143,Summer 2005/06,51c6585d-02db-47b5-914d-8cd99d188ac7,U12 MG Teal,1fec3b6a-0b93-4df1-aa76-52e623bde6d9,U12 MG Teal,3bc0386d-7132-ec11-981f-501ac52e1666,Diamond Valley Cricket Association
54f45899-c1b5-4d0a-ae20-dc26e463e143,Summer 2005/06,3be4f268-632e-4e59-abe9-bd0c461ad1ca,U12 MG Teal,1fec3b6a-0b93-4df1-aa76-52e623bde6d9,U12 MG Teal,3bc0386d-7132-ec11-981f-501ac52e1666,Diamond Valley Cricket Association
54f45899-c1b5-4d0a-ae20-dc26e463e143,Summer 2005/06,806844be-0d05-4adc-9f12-b5ae4ccc3fa6,U14 (2),23daf9e5-6fa9-4379-b315-225dad2635f0,U14 (2),3bc0386d-7132-ec11-981f-501ac52e1666,Diamond Valley Cricket Association
54f45899-c1b5-4d0a-ae20-dc26e463e143,Summer 2005/06,fa8ec844-f924-4a9f-9cf6-8452b43a1a59,U14 (3),1f8cbb2a-c550-4e1b-95e5-1212e8bf8ded,U14 (3),3bc0386d-7132-ec11-981f-501ac52e1666,Diamond Valley Cricket Association
54f45899-c1b5-4d0a-ae20-dc26e463e143,Summer 2005/06,1f56bccc-e427-449a-bd5f-259d17214e1a,U14(1) Blue,8bced563-234e-4778-ab96-129d024d2ea0,U14(1) Blue,3bc0386d-7132-ec11-981f-501ac52e1666,Diamond Valley Cricket Association
54f45899-c1b5-4d0a-ae20-dc26e463e143,Summer 2005/06,11b27026-76d1-408b-b348-70198594ece7,U16 (1) Teal,abc3b710-f885-49c5-b86c-ed17926fe538,U16 (1) Teal,3bc0386d-7132-ec11-981f-501ac52e1666,Diamond Valley Cricket Association
54f45899-c1b5-4d0a-ae20-dc26e463e143,Summer 2005/06,e4e09f25-0905-4eb6-92b7-e17eabb95c73,U16 (2),8ea26df4-3d90-42d0-b3dc-23a1900167d8,U16 (2),3bc0386d-7132-ec11-981f-501ac52e1666,Diamond Valley Cricket Association
94913459-339b-4070-9581-c6c1dfad328b,Summer 2004/05,4622b3e3-2cfc-4799-8a59-644b73523f13,Barclay Reserve,26e5af2b-cf9c-4ded-a560-2f460c2f342e,Barclay Reserve,3bc0386d-7132-ec11-981f-501ac52e1666,Diamond Valley Cricket Association
94913459-339b-4070-9581-c6c1dfad328b,Summer 2004/05,a8b9a273-eb58-4f0a-b389-4c8ecdd69f2a,Barclay Shield,3e0b0a8c-f98c-4315-b23b-8e728419420b,Barclay Shield,3bc0386d-7132-ec11-981f-501ac52e1666,Diamond Valley Cricket Association
94913459-339b-4070-9581-c6c1dfad328b,Summer 2004/05,5b3d0eda-0c3e-465a-b8c1-6de867b17a2c,C Grade,f9641a66-4749-47ba-a580-6662b97644fd,C Grade,3bc0386d-7132-ec11-981f-501ac52e1666,Diamond Valley Cricket Association
94913459-339b-4070-9581-c6c1dfad328b,Summer 2004/05,aed9d0be-a8dc-4833-992e-34372c669da3,E Grade,135b6228-4c06-4227-a46f-62d929e9c1e8,E Grade,3bc0386d-7132-ec11-981f-501ac52e1666,Diamond Valley Cricket Association
94913459-339b-4070-9581-c6c1dfad328b,Summer 2004/05,c40125ac-babf-4ef5-94ff-0cfd368ab115,U14 (3),db7c506e-f403-4336-a3b7-4efdd09d3741,U14 (3),3bc0386d-7132-ec11-981f-501ac52e1666,Diamond Valley Cricket Association
94913459-339b-4070-9581-c6c1dfad328b,Summer 2004/05,a9054010-cf7c-4b82-b640-7e1b89fe6863,U14(1) Blue,3215279f-967a-4170-bdc3-030d5f5fcf6a,U14(1) Blue,3bc0386d-7132-ec11-981f-501ac52e1666,Diamond Valley Cricket Association
94913459-339b-4070-9581-c6c1dfad328b,Summer 2004/05,d255fd47-bc91-460e-8f52-2bea1c9501d2,U14(1) Teal,384d133f-58a9-456c-9ce5-4fa94a555453,U14(1) Teal,3bc0386d-7132-ec11-981f-501ac52e1666,Diamond Valley Cricket Association
94913459-339b-4070-9581-c6c1dfad328b,Summer 2004/05,8a852faa-f906-4693-ae15-6d62165f560a,U16 (1) Teal,d1997959-9e4c-40ee-9100-ff43929f597f,U16 (1) Teal,3bc0386d-7132-ec11-981f-501ac52e1666,Diamond Valley Cricket Association
94913459-339b-4070-9581-c6c1dfad328b,Summer 2004/05,5decff14-ee59-4cb4-888a-db1c2fce14cc,U16 (2),16063acb-4f8e-4ff0-9161-d4ebe441341b,U16 (2),3bc0386d-7132-ec11-981f-501ac52e1666,Diamond Valley Cricket Association
4e850a88-1187-4f43-a5d9-7e988a6e218f,Summer 2003/04,adb1ac06-806a-440c-94a2-41a5c7d79dbd,Barclay Reserve,d3feb257-9b87-4dda-a38e-901e60d6dd5f,Barclay Reserve,3bc0386d-7132-ec11-981f-501ac52e1666,Diamond Valley Cricket Association
4e850a88-1187-4f43-a5d9-7e988a6e218f,Summer 2003/04,d22a1cf3-4c7c-4114-a7f0-2ef2996aa337,Barclay Shield,553c9190-c96a-4399-9667-1474765c0eea,Barclay Shield,3bc0386d-7132-ec11-981f-501ac52e1666,Diamond Valley Cricket Association
4e850a88-1187-4f43-a5d9-7e988a6e218f,Summer 2003/04,a97108a4-e477-4489-ba9b-54a83b4cdb57,C Grade,6b908f4d-214f-475a-8d6b-40198c1b8ae2,C Grade,3bc0386d-7132-ec11-981f-501ac52e1666,Diamond Valley Cricket Association
4e850a88-1187-4f43-a5d9-7e988a6e218f,Summer 2003/04,af588349-5955-4d37-8c23-31a14f4cd69b,Dev Teal,417da1ef-504e-4f39-80ae-eb45fab9834e,Dev Teal,3bc0386d-7132-ec11-981f-501ac52e1666,Diamond Valley Cricket Association
4e850a88-1187-4f43-a5d9-7e988a6e218f,Summer 2003/04,f176bbe0-048f-4368-842f-d3beb47c5c7e,E Grade,175945ac-d959-41fc-ba60-b439c7959f2e,E Grade,3bc0386d-7132-ec11-981f-501ac52e1666,Diamond Valley Cricket Association
4e850a88-1187-4f43-a5d9-7e988a6e218f,Summer 2003/04,791a8a24-525f-40ee-9204-b91f86efe2cc,U12 (2),c828a81a-65de-4d86-b2e7-4dd0e89546c9,U12 (2),3bc0386d-7132-ec11-981f-501ac52e1666,Diamond Valley Cricket Association
4e850a88-1187-4f43-a5d9-7e988a6e218f,Summer 2003/04,47806966-93f5-45f9-b901-4fb75c4b10a6,U12 (3),577a026c-a1c5-46f9-a74a-06cb46ed14dd,U12 (3),3bc0386d-7132-ec11-981f-501ac52e1666,Diamond Valley Cricket Association
4e850a88-1187-4f43-a5d9-7e988a6e218f,Summer 2003/04,f101bdd1-f5d4-4467-baab-570104d8ef52,U12 (4),022f95b3-7e13-4764-8e34-80b889d818bc,U12 (4),3bc0386d-7132-ec11-981f-501ac52e1666,Diamond Valley Cricket Association
4e850a88-1187-4f43-a5d9-7e988a6e218f,Summer 2003/04,68c1996c-6dea-4b03-95a7-58a3cade12c7,U12 MG Blue,566a750f-6da8-45df-9506-df76c3ed134d,U12 MG Blue,3bc0386d-7132-ec11-981f-501ac52e1666,Diamond Valley Cricket Association
4e850a88-1187-4f43-a5d9-7e988a6e218f,Summer 2003/04,8e84a4ab-883c-4c5b-bf57-7fa93e28fe74,U12(1) Teal,6d6c76e9-3c33-4bf8-8734-3f14aae7840d,U12(1) Teal,3bc0386d-7132-ec11-981f-501ac52e1666,Diamond Valley Cricket Association
4e850a88-1187-4f43-a5d9-7e988a6e218f,Summer 2003/04,358cc6ad-e0f5-4625-95d4-d56059d1d92a,U12(1) White,bcbb52d0-ebe8-4e6a-966d-dce822ca1d8f,U12(1) White,3bc0386d-7132-ec11-981f-501ac52e1666,Diamond Valley Cricket Association
4e850a88-1187-4f43-a5d9-7e988a6e218f,Summer 2003/04,4d938139-bb0a-455a-ab43-779f854a3d07,U14 (2),efc08c5c-de57-4698-9b40-adc0db6e9181,U14 (2),3bc0386d-7132-ec11-981f-501ac52e1666,Diamond Valley Cricket Association
4e850a88-1187-4f43-a5d9-7e988a6e218f,Summer 2003/04,79354e1b-8d5f-4260-84ae-c1f2e886bfd8,U14 (3),587179fa-ed55-42a7-84aa-b6e01ad1a882,U14 (3),3bc0386d-7132-ec11-981f-501ac52e1666,Diamond Valley Cricket Association
4e850a88-1187-4f43-a5d9-7e988a6e218f,Summer 2003/04,2b7d9303-2f08-4af4-90b8-6495da245151,U14(1) Blue,fc992719-1f7d-468a-85c3-601cf454b4af,U14(1) Blue,3bc0386d-7132-ec11-981f-501ac52e1666,Diamond Valley Cricket Association
4e850a88-1187-4f43-a5d9-7e988a6e218f,Summer 2003/04,613efee9-b54a-490e-8c1b-019d2212b6b0,U14(1) Teal,bb5c7157-5826-4c85-bc4c-59e09022551d,U14(1) Teal,3bc0386d-7132-ec11-981f-501ac52e1666,Diamond Valley Cricket Association
4e850a88-1187-4f43-a5d9-7e988a6e218f,Summer 2003/04,378d2daf-66dd-4095-87c8-3d1674ecf0cc,U16 (1) Blue,ee34fe5f-a18f-4c19-bb1b-4b717d2caecd,U16 (1) Blue,3bc0386d-7132-ec11-981f-501ac52e1666,Diamond Valley Cricket Association
4e850a88-1187-4f43-a5d9-7e988a6e218f,Summer 2003/04,cf1e98e1-caad-4a2c-b8d2-9a26e2cf423c,U16 (1) Teal,3a20339e-8942-4840-9e63-57ad89383f82,U16 (1) Teal,3bc0386d-7132-ec11-981f-501ac52e1666,Diamond Valley Cricket Association
4e850a88-1187-4f43-a5d9-7e988a6e218f,Summer 2003/04,48c83a27-7b75-47bd-90d4-64b4d9b1ec17,U16 (2),96c6a867-a74d-4ea2-a483-0a8f6aae4241,U16 (2),3bc0386d-7132-ec11-981f-501ac52e1666,Diamond Valley Cricket Association
4e850a88-1187-4f43-a5d9-7e988a6e218f,Summer 2003/04,e87ff687-19fc-4657-8d18-e4cf7e97f0f5,Vets Blue,5596de96-d6ab-4abb-b110-6f788a2cf17d,Vets Blue,3bc0386d-7132-ec11-981f-501ac52e1666,Diamond Valley Cricket Association
3bf412ae-5efe-4a2b-9d0f-7174ce7d0a71,Summer 2002/03,080f3206-fa25-4c98-82f2-da92195141f0,Barclay Reserve,62fb4eca-c558-4be3-b1a0-71f5f1749762,Barclay Reserve,3bc0386d-7132-ec11-981f-501ac52e1666,Diamond Valley Cricket Association
3bf412ae-5efe-4a2b-9d0f-7174ce7d0a71,Summer 2002/03,a5dcc1e5-1ce7-4df1-8906-1480db76b21e,Barclay Shield,a3a36fcb-b26a-49de-bfd1-fec4b7f5c897,Barclay Shield,3bc0386d-7132-ec11-981f-501ac52e1666,Diamond Valley Cricket Association
3bf412ae-5efe-4a2b-9d0f-7174ce7d0a71,Summer 2002/03,64d5ef7c-1fc5-42db-999b-606cfbc24d13,C Grade,44aa8a29-ffbf-4d20-99d9-76a8adb7eb4f,C Grade,3bc0386d-7132-ec11-981f-501ac52e1666,Diamond Valley Cricket Association
3bf412ae-5efe-4a2b-9d0f-7174ce7d0a71,Summer 2002/03,be3eca01-c3f9-4a2e-9327-3787ad744239,E Grade,0614622c-f94a-4f3b-9f42-c19cc2a425ca,E Grade,3bc0386d-7132-ec11-981f-501ac52e1666,Diamond Valley Cricket Association
3bf412ae-5efe-4a2b-9d0f-7174ce7d0a71,Summer 2002/03,ed6b431e-ea50-447a-bbed-4dd864995c3b,U12 (2),866d8f82-18c0-4257-bb37-f1058f0be9c1,U12 (2),3bc0386d-7132-ec11-981f-501ac52e1666,Diamond Valley Cricket Association
3bf412ae-5efe-4a2b-9d0f-7174ce7d0a71,Summer 2002/03,7fdd7dac-61e0-45a6-adc1-7a3b5780df69,U12 (3),1b90a9c6-abd7-409c-826b-5ff3062ef5e5,U12 (3),3bc0386d-7132-ec11-981f-501ac52e1666,Diamond Valley Cricket Association
3bf412ae-5efe-4a2b-9d0f-7174ce7d0a71,Summer 2002/03,e8bce5f6-a14a-4963-8e2e-10232d5826dc,U12 (4),c7026417-a540-4326-8c25-26efd98bbb1f,U12 (4),3bc0386d-7132-ec11-981f-501ac52e1666,Diamond Valley Cricket Association
3bf412ae-5efe-4a2b-9d0f-7174ce7d0a71,Summer 2002/03,454565a8-731a-42f1-acc7-e620c2d27503,U12 Blue,a4b87723-e4ea-4b18-b766-247171de3cd1,U12 Blue,3bc0386d-7132-ec11-981f-501ac52e1666,Diamond Valley Cricket Association
3bf412ae-5efe-4a2b-9d0f-7174ce7d0a71,Summer 2002/03,4ace1d63-53bd-4e69-8cd6-aa0639358ba9,U14 (2),ba998c47-1084-44b0-b778-21582245e3e7,U14 (2),3bc0386d-7132-ec11-981f-501ac52e1666,Diamond Valley Cricket Association
3bf412ae-5efe-4a2b-9d0f-7174ce7d0a71,Summer 2002/03,2848b35b-1307-47dc-8f32-e9598c896eb7,U14 (2),ba998c47-1084-44b0-b778-21582245e3e7,U14 (2),3bc0386d-7132-ec11-981f-501ac52e1666,Diamond Valley Cricket Association
3bf412ae-5efe-4a2b-9d0f-7174ce7d0a71,Summer 2002/03,cf57684a-9aaf-42b1-9ce5-6c3dac509f08,U14 (3),6b730995-5f5b-42fc-9aa1-c5204479667c,U14 (3),3bc0386d-7132-ec11-981f-501ac52e1666,Diamond Valley Cricket Association
3bf412ae-5efe-4a2b-9d0f-7174ce7d0a71,Summer 2002/03,2eed1f85-4840-43a7-bf13-2ac3d8eaae95,U14(1) Blue,4aaf6c79-561b-47ed-a8d1-ec09c4f0420d,U14(1) Blue,3bc0386d-7132-ec11-981f-501ac52e1666,Diamond Valley Cricket Association
3bf412ae-5efe-4a2b-9d0f-7174ce7d0a71,Summer 2002/03,03c6ddd1-ad28-451d-8fbf-cf54ebc9392e,U16 (1) Blue,c4cb882f-51f0-4855-8514-ce058809e678,U16 (1) Blue,3bc0386d-7132-ec11-981f-501ac52e1666,Diamond Valley Cricket Association
3bf412ae-5efe-4a2b-9d0f-7174ce7d0a71,Summer 2002/03,f7bc44d4-b1e4-4406-b053-26dc014d0c0e,U16 (2),0c270e6c-3e4b-4c7d-93db-d4a9f1c3333f,U16 (2),3bc0386d-7132-ec11-981f-501ac52e1666,Diamond Valley Cricket Association
3bf412ae-5efe-4a2b-9d0f-7174ce7d0a71,Summer 2002/03,43cd41c9-722a-4f48-956c-86a449627727,Vets Blue,f77bf1ff-73d9-4d08-8167-d487e6032733,Vets Blue,3bc0386d-7132-ec11-981f-501ac52e1666,Diamond Valley Cricket Association
5347386c-ad71-47fe-bd25-a914b2ddf946,Summer 2001/02,73f4eace-8dc9-4cd4-a725-37b33e39b21e, ,8dcd7460-a547-46dd-aafa-9b02b8b02786,Barclay Reserve,3bc0386d-7132-ec11-981f-501ac52e1666,Diamond Valley Cricket Association
5347386c-ad71-47fe-bd25-a914b2ddf946,Summer 2001/02,7eaa1589-9eaf-48be-af66-3cde57e04a37, ,8a674141-5545-49ca-a61b-cd94cf3ae288,Barclay Shield,3bc0386d-7132-ec11-981f-501ac52e1666,Diamond Valley Cricket Association
5347386c-ad71-47fe-bd25-a914b2ddf946,Summer 2001/02,a770140a-9040-47aa-97e6-5fe9178a180d, ,04021aaa-51f8-46ee-978c-9f630c230aca,C Grade,3bc0386d-7132-ec11-981f-501ac52e1666,Diamond Valley Cricket Association
5347386c-ad71-47fe-bd25-a914b2ddf946,Summer 2001/02,ac58d6c7-ca55-4fa3-80c8-ac1740c521b8,D Grade,b732630b-7b26-4bae-9f82-60ef3d281604,D Grade,3bc0386d-7132-ec11-981f-501ac52e1666,Diamond Valley Cricket Association
5347386c-ad71-47fe-bd25-a914b2ddf946,Summer 2001/02,fdc0626c-bb4d-4dc8-8e9d-968dfde01a42,U14 (3),c32fa4a2-376a-414a-b760-ace74fdfefee,U14 (3),3bc0386d-7132-ec11-981f-501ac52e1666,Diamond Valley Cricket Association
5347386c-ad71-47fe-bd25-a914b2ddf946,Summer 2001/02,e3126a19-8894-4191-861a-c8d81d6d00a6,Under 14 (1),a7f42f5f-20f8-4016-bf74-68c3abccc78d,Under 14 (1),3bc0386d-7132-ec11-981f-501ac52e1666,Diamond Valley Cricket Association
5347386c-ad71-47fe-bd25-a914b2ddf946,Summer 2001/02,a4f847cf-18a7-4e2c-99fa-1eb6b561663b,Under 16 (1),8f5fdf2b-7b30-49c6-9a5f-dee517e322ab,Under 16 (1),3bc0386d-7132-ec11-981f-501ac52e1666,Diamond Valley Cricket Association
5877fbe1-f96a-4daa-b0fe-43d641e00c2f,Summer 2000/01,e214840c-44f5-4789-a3fb-7462212f7a2d,U12 (4),50c0a133-1db4-4b97-840b-9c4b146ad2a7,U12 (4),3bc0386d-7132-ec11-981f-501ac52e1666,Diamond Valley Cricket Association
5877fbe1-f96a-4daa-b0fe-43d641e00c2f,Summer 2000/01,a9fd8027-8138-435b-a037-002b7d5cb4fd,U14 (2),8620497f-fd04-47ee-9db5-4a1ed23b579e,U14 (2),3bc0386d-7132-ec11-981f-501ac52e1666,Diamond Valley Cricket Association
5877fbe1-f96a-4daa-b0fe-43d641e00c2f,Summer 2000/01,601adef4-464d-4928-bad2-6a849fd43641,U16 (2),9a3c591d-55d5-4c0a-8b51-e5077ec6c09f,U16 (2),3bc0386d-7132-ec11-981f-501ac52e1666,Diamond Valley Cricket Association
5877fbe1-f96a-4daa-b0fe-43d641e00c2f,Summer 2000/01,804156a9-e7f8-4568-8866-2a7f21416bec,Under 12 (1),b8aa7c74-d697-4840-8031-f206261646f4,Under 12 (1),3bc0386d-7132-ec11-981f-501ac52e1666,Diamond Valley Cricket Association
5877fbe1-f96a-4daa-b0fe-43d641e00c2f,Summer 2000/01,fdc9410c-62bc-40a4-a55d-3ebefab0e131,Under 14 (4),81f35d33-420e-452f-98cc-a01054e17ef0,Under 14 (4),3bc0386d-7132-ec11-981f-501ac52e1666,Diamond Valley Cricket Association
0d03a958-e6b7-4ddd-8675-0368eccd5614,Summer 1999/00,5fca30f4-195a-44a8-b17b-afd472477f7f,Barclay Reserve,5e18a941-015b-4198-82bb-57e2e5abddd7,Barclay Reserve,3bc0386d-7132-ec11-981f-501ac52e1666,Diamond Valley Cricket Association
0d03a958-e6b7-4ddd-8675-0368eccd5614,Summer 1999/00,185b1aa4-3301-4d68-92db-40f3736bf43a,Barclay Shield,d45c40e8-5e9e-4acb-83be-184925f11280,Barclay Shield,3bc0386d-7132-ec11-981f-501ac52e1666,Diamond Valley Cricket Association
0d03a958-e6b7-4ddd-8675-0368eccd5614,Summer 1999/00,7ffad0a6-cb37-464b-b0d5-fa44e0dae7a0,U14 (3),1ce6b168-fc27-4bf8-8351-b2513c97574f,U14 (3),3bc0386d-7132-ec11-981f-501ac52e1666,Diamond Valley Cricket Association
0d03a958-e6b7-4ddd-8675-0368eccd5614,Summer 1999/00,c3a30875-bd97-4942-a7cd-1ffb0ef8e4dc,Under 12 (1),3ed83e53-e6a5-4c7d-a925-4281ac7b049b,Under 12 (1),3bc0386d-7132-ec11-981f-501ac52e1666,Diamond Valley Cricket Association
0d03a958-e6b7-4ddd-8675-0368eccd5614,Summer 1999/00,021a790b-63ef-48a2-98b0-bd3f15be789a,Under 14 (1),ba68e515-bd87-4076-ad25-ceb12217dd83,Under 14 (1),3bc0386d-7132-ec11-981f-501ac52e1666,Diamond Valley Cricket Association
80a5bc35-c168-4aad-92a0-fe4c5dc68023,Summer 1998/99,cf6b554c-f329-49e4-94c9-44c14b568f00,Barclay Reserve,042298d0-6624-447e-9109-8cc93fc344c3,Barclay Reserve,3bc0386d-7132-ec11-981f-501ac52e1666,Diamond Valley Cricket Association
80a5bc35-c168-4aad-92a0-fe4c5dc68023,Summer 1998/99,f0e6bf9d-4d80-451e-bd0d-3556918fe7f1,Barclay Shield,82b4e2b4-793f-444e-a170-d2c0ebf0f491,Barclay Shield,3bc0386d-7132-ec11-981f-501ac52e1666,Diamond Valley Cricket Association
80a5bc35-c168-4aad-92a0-fe4c5dc68023,Summer 1998/99,9c64996b-ad01-4677-b56d-604e31394edf,U12 (2),b25fcd39-cbbf-4621-aa28-54aa4e726805,U12 (2),3bc0386d-7132-ec11-981f-501ac52e1666,Diamond Valley Cricket Association
80a5bc35-c168-4aad-92a0-fe4c5dc68023,Summer 1998/99,5e1638d3-7ac7-4776-af56-c1d4ab84626f,U14 (2),ab60389d-15c5-455e-8d1d-5d018555bc4b,U14 (2),3bc0386d-7132-ec11-981f-501ac52e1666,Diamond Valley Cricket Association
